account_id,account_name,account_type,account_category
1000,Cash and Cash Equivalents,Assets,Current Assets
1100,Accounts Receivable,Assets,Current Assets
1200,Inventory,Assets,Current Assets
1500,"Property, Plant & Equipment",Assets,Fixed Assets
1600,Accumulated Depreciation,Assets,Fixed Assets
2000,Accounts Payable,Liabilities,Current Liabilities
2100,Short-term Debt,Liabilities,Current Liabilities
2200,Long-term Debt,Liabilities,Long-term Liabilities
3000,Common Stock,Equity,Shareholders Equity
3100,Retained Earnings,Equity,Shareholders Equity
4000,Sales Revenue,Revenue,Operating Revenue
4100,Service Revenue,Revenue,Operating Revenue
5000,Cost of Goods Sold,Expenses,Direct Costs
5100,Salaries and Wages,Expenses,Operating Expenses
5200,Rent Expense,Expenses,Operating Expenses
5300,Utilities Expense,Expenses,Operating Expenses
5400,Marketing Expense,Expenses,Operating Expenses
5500,Depreciation Expense,Expenses,Operating Expenses
