takeoff_id,project_id,item_code,item_description,unit,quantity,unit_price,total_price,category,subcategory,specifications
1,PROJ-5506,ITEM-4502,دهان - بند 1,م3,174.648,2453.92,428572.84,طوب,نوع 4,مواصفات البند 1
2,PROJ-5506,ITEM-8454,سباكة - بند 2,كجم,12.134,1982.59,24056.37,بلاط,نوع 2,مواصفات البند 2
3,PROJ-5506,ITEM-1958,خرسانة - بند 3,قطعة,197.999,1127.62,223267.4,خرسانة,نوع 1,مواصفات البند 3
4,PROJ-5506,ITEM-9701,طوب - بند 4,م3,588.336,2539.11,1493849.0,حديد,نوع 2,مواصفات البند 4
5,PROJ-5506,ITEM-4853,دهان - بند 5,طن,77.836,386.41,30076.36,كهرباء,نوع 5,مواصفات البند 5
6,PROJ-5506,ITEM-7868,نجارة - بند 6,متر,598.574,3115.94,1865119.64,كهرباء,نوع 3,مواصفات البند 6
7,PROJ-5506,ITEM-5915,بلاط - بند 7,قطعة,246.299,2009.14,494849.35,حديد,نوع 1,مواصفات البند 7
8,PROJ-5506,ITEM-2638,حديد - بند 8,نقطة,463.703,4992.35,2314965.77,سباكة,نوع 2,مواصفات البند 8
9,PROJ-5506,ITEM-5002,نجارة - بند 9,متر,933.927,4410.28,4118876.43,طوب,نوع 4,مواصفات البند 9
10,PROJ-5506,ITEM-9666,خرسانة - بند 10,متر,835.408,3532.52,2951095.92,حديد,نوع 2,مواصفات البند 10
11,PROJ-5506,ITEM-3546,سباكة - بند 11,متر,271.821,4454.08,1210713.08,كهرباء,نوع 3,مواصفات البند 11
12,PROJ-5506,ITEM-5325,بلاط - بند 12,متر,211.561,3189.48,674770.22,خرسانة,نوع 1,مواصفات البند 12
13,PROJ-5506,ITEM-1722,خرسانة - بند 13,قطعة,637.942,4155.27,2650821.54,طوب,نوع 3,مواصفات البند 13
14,PROJ-5506,ITEM-8007,خرسانة - بند 14,طن,169.966,2237.09,380228.87,حديد,نوع 2,مواصفات البند 14
15,PROJ-5506,ITEM-3426,دهان - بند 15,م2,550.134,4181.25,2300246.84,خرسانة,نوع 3,مواصفات البند 15
16,PROJ-5506,ITEM-1653,نجارة - بند 16,نقطة,371.005,4668.79,1732142.82,كهرباء,نوع 1,مواصفات البند 16
17,PROJ-5506,ITEM-7658,طوب - بند 17,نقطة,360.142,2821.42,1016112.65,طوب,نوع 2,مواصفات البند 17
18,PROJ-1488,ITEM-6442,دهان - بند 1,نقطة,34.538,3695.99,127654.09,سباكة,نوع 2,مواصفات البند 1
19,PROJ-1488,ITEM-1634,بلاط - بند 2,نقطة,789.501,585.07,461915.86,كهرباء,نوع 4,مواصفات البند 2
20,PROJ-1488,ITEM-4728,كهرباء - بند 3,م3,356.162,4111.66,1464414.64,كهرباء,نوع 4,مواصفات البند 3
21,PROJ-1488,ITEM-5573,نجارة - بند 4,كجم,334.979,4328.55,1449973.8,نجارة,نوع 1,مواصفات البند 4
22,PROJ-1488,ITEM-3925,سباكة - بند 5,م3,124.188,4853.48,602745.97,حديد,نوع 5,مواصفات البند 5
23,PROJ-1488,ITEM-6139,دهان - بند 6,طن,440.218,3656.3,1609568.66,دهان,نوع 5,مواصفات البند 6
24,PROJ-1488,ITEM-8144,خرسانة - بند 7,نقطة,198.178,269.71,53451.25,نجارة,نوع 4,مواصفات البند 7
25,PROJ-1488,ITEM-6409,نجارة - بند 8,طن,79.274,3337.98,264615.0,سباكة,نوع 5,مواصفات البند 8
26,PROJ-1488,ITEM-7592,سباكة - بند 9,م2,316.192,2071.54,655005.54,كهرباء,نوع 4,مواصفات البند 9
27,PROJ-1488,ITEM-3851,سباكة - بند 10,كجم,668.28,1926.77,1287621.54,خرسانة,نوع 3,مواصفات البند 10
28,PROJ-1488,ITEM-6279,بلاط - بند 11,لتر,294.045,2177.95,640413.32,بلاط,نوع 2,مواصفات البند 11
29,PROJ-1488,ITEM-3780,حديد - بند 12,متر,516.062,3978.99,2053406.68,نجارة,نوع 1,مواصفات البند 12
30,PROJ-1488,ITEM-6085,كهرباء - بند 13,نقطة,820.239,3768.13,3090771.15,طوب,نوع 1,مواصفات البند 13
31,PROJ-1488,ITEM-2193,بلاط - بند 14,كجم,55.752,4920.48,274324.72,كهرباء,نوع 4,مواصفات البند 14
32,PROJ-1488,ITEM-1090,حديد - بند 15,كجم,499.433,1257.72,628148.86,كهرباء,نوع 2,مواصفات البند 15
33,PROJ-1488,ITEM-8611,خرسانة - بند 16,نقطة,806.069,3494.76,2817019.51,حديد,نوع 4,مواصفات البند 16
34,PROJ-1488,ITEM-9702,نجارة - بند 17,لتر,142.006,2349.98,333711.16,دهان,نوع 5,مواصفات البند 17
35,PROJ-1488,ITEM-8777,بلاط - بند 18,متر,451.454,837.83,378242.85,كهرباء,نوع 3,مواصفات البند 18
36,PROJ-1488,ITEM-4919,سباكة - بند 19,لتر,768.156,2630.43,2020582.53,حديد,نوع 3,مواصفات البند 19
37,PROJ-1488,ITEM-9849,حديد - بند 20,م2,242.149,1712.45,414666.31,طوب,نوع 2,مواصفات البند 20
38,PROJ-1488,ITEM-4505,حديد - بند 21,كجم,389.205,806.39,313849.44,دهان,نوع 3,مواصفات البند 21
39,PROJ-1488,ITEM-4388,دهان - بند 22,كجم,547.185,2108.08,1153511.16,خرسانة,نوع 5,مواصفات البند 22
40,PROJ-1488,ITEM-6763,سباكة - بند 23,كجم,386.577,79.19,30611.35,دهان,نوع 5,مواصفات البند 23
41,PROJ-8359,ITEM-8956,خرسانة - بند 1,كجم,493.347,1401.03,691194.1,نجارة,نوع 4,مواصفات البند 1
42,PROJ-8359,ITEM-3091,خرسانة - بند 2,كجم,726.94,4210.5,3060781.24,خرسانة,نوع 1,مواصفات البند 2
43,PROJ-8359,ITEM-8564,طوب - بند 3,م3,646.322,721.71,466458.75,سباكة,نوع 4,مواصفات البند 3
44,PROJ-8359,ITEM-6529,دهان - بند 4,متر,334.079,2300.76,768636.48,دهان,نوع 3,مواصفات البند 4
45,PROJ-8359,ITEM-9837,خرسانة - بند 5,قطعة,836.562,2378.02,1989359.73,كهرباء,نوع 1,مواصفات البند 5
46,PROJ-8359,ITEM-1508,كهرباء - بند 6,نقطة,783.421,3276.19,2566631.63,خرسانة,نوع 5,مواصفات البند 6
47,PROJ-8359,ITEM-2874,كهرباء - بند 7,لتر,160.859,674.79,108546.34,سباكة,نوع 3,مواصفات البند 7
48,PROJ-8359,ITEM-2876,طوب - بند 8,متر,176.111,3055.88,538173.99,حديد,نوع 5,مواصفات البند 8
49,PROJ-8359,ITEM-7149,دهان - بند 9,نقطة,35.422,1594.19,56468.77,حديد,نوع 5,مواصفات البند 9
50,PROJ-8359,ITEM-2669,سباكة - بند 10,طن,693.708,3154.85,2188545.44,خرسانة,نوع 3,مواصفات البند 10
51,PROJ-8359,ITEM-2129,نجارة - بند 11,م3,537.418,3324.53,1786661.92,دهان,نوع 4,مواصفات البند 11
52,PROJ-8359,ITEM-8532,طوب - بند 12,كجم,114.483,4805.9,550195.99,طوب,نوع 5,مواصفات البند 12
53,PROJ-8359,ITEM-9817,بلاط - بند 13,لتر,965.819,1386.91,1339501.96,دهان,نوع 5,مواصفات البند 13
54,PROJ-8359,ITEM-2419,سباكة - بند 14,لتر,275.712,4265.98,1176180.14,كهرباء,نوع 4,مواصفات البند 14
55,PROJ-8359,ITEM-6511,خرسانة - بند 15,لتر,574.151,3357.53,1927731.39,نجارة,نوع 2,مواصفات البند 15
56,PROJ-8359,ITEM-5232,نجارة - بند 16,متر,492.674,1806.38,889959.01,سباكة,نوع 5,مواصفات البند 16
57,PROJ-8359,ITEM-2402,كهرباء - بند 17,كجم,20.05,4742.91,95093.46,بلاط,نوع 5,مواصفات البند 17
58,PROJ-2519,ITEM-9041,بلاط - بند 1,م3,693.703,3247.22,2252606.61,حديد,نوع 3,مواصفات البند 1
59,PROJ-2519,ITEM-6016,نجارة - بند 2,لتر,229.38,3474.35,796947.1,نجارة,نوع 4,مواصفات البند 2
60,PROJ-2519,ITEM-6764,بلاط - بند 3,متر,996.665,2774.42,2765170.65,سباكة,نوع 3,مواصفات البند 3
61,PROJ-2519,ITEM-6169,حديد - بند 4,م2,238.233,3620.36,862487.39,كهرباء,نوع 2,مواصفات البند 4
62,PROJ-2519,ITEM-9595,سباكة - بند 5,طن,741.219,1418.67,1051546.94,كهرباء,نوع 3,مواصفات البند 5
63,PROJ-2519,ITEM-1231,طوب - بند 6,متر,235.208,938.24,220680.84,خرسانة,نوع 1,مواصفات البند 6
64,PROJ-2519,ITEM-3068,بلاط - بند 7,طن,557.825,3502.22,1953625.01,خرسانة,نوع 5,مواصفات البند 7
65,PROJ-2519,ITEM-6582,طوب - بند 8,م3,291.496,2419.64,705313.86,سباكة,نوع 4,مواصفات البند 8
66,PROJ-2519,ITEM-9056,حديد - بند 9,م3,122.946,373.45,45914.28,طوب,نوع 2,مواصفات البند 9
67,PROJ-2519,ITEM-2395,كهرباء - بند 10,طن,813.031,4748.17,3860409.34,دهان,نوع 5,مواصفات البند 10
68,PROJ-2519,ITEM-9561,دهان - بند 11,لتر,600.166,3111.17,1867217.65,بلاط,نوع 3,مواصفات البند 11
69,PROJ-2519,ITEM-6003,خرسانة - بند 12,طن,861.565,4950.65,4265310.85,كهرباء,نوع 2,مواصفات البند 12
70,PROJ-2519,ITEM-4929,طوب - بند 13,طن,272.0,451.88,122910.65,طوب,نوع 1,مواصفات البند 13
71,PROJ-2519,ITEM-8699,سباكة - بند 14,م3,414.432,3462.39,1434925.39,كهرباء,نوع 3,مواصفات البند 14
72,PROJ-2519,ITEM-8438,حديد - بند 15,نقطة,709.886,3529.79,2505748.34,سباكة,نوع 5,مواصفات البند 15
73,PROJ-2519,ITEM-7965,حديد - بند 16,نقطة,664.571,4671.66,3104650.0,طوب,نوع 3,مواصفات البند 16
74,PROJ-2519,ITEM-3718,سباكة - بند 17,متر,828.365,403.48,334227.57,بلاط,نوع 1,مواصفات البند 17
75,PROJ-3045,ITEM-5460,بلاط - بند 1,لتر,691.791,3513.68,2430734.15,حديد,نوع 5,مواصفات البند 1
76,PROJ-3045,ITEM-6280,سباكة - بند 2,م3,49.462,2188.54,108250.04,حديد,نوع 2,مواصفات البند 2
77,PROJ-3045,ITEM-1339,سباكة - بند 3,م3,962.292,4188.0,4030074.18,طوب,نوع 4,مواصفات البند 3
78,PROJ-3045,ITEM-5557,طوب - بند 4,كجم,523.774,2239.04,1172749.06,بلاط,نوع 1,مواصفات البند 4
79,PROJ-3045,ITEM-6260,حديد - بند 5,م2,475.31,2071.32,984521.17,نجارة,نوع 4,مواصفات البند 5
80,PROJ-3045,ITEM-7561,خرسانة - بند 6,لتر,696.737,1476.68,1028856.17,حديد,نوع 3,مواصفات البند 6
81,PROJ-3045,ITEM-7622,خرسانة - بند 7,لتر,259.875,623.81,162113.04,دهان,نوع 1,مواصفات البند 7
82,PROJ-3045,ITEM-9167,بلاط - بند 8,م3,195.707,1840.81,360258.45,كهرباء,نوع 3,مواصفات البند 8
83,PROJ-3045,ITEM-8178,بلاط - بند 9,طن,553.727,4641.98,2570391.81,خرسانة,نوع 5,مواصفات البند 9
84,PROJ-3045,ITEM-6091,خرسانة - بند 10,كجم,801.321,3563.42,2855445.83,حديد,نوع 2,مواصفات البند 10
85,PROJ-3045,ITEM-8560,حديد - بند 11,م2,992.335,4569.0,4533979.52,بلاط,نوع 3,مواصفات البند 11
86,PROJ-3045,ITEM-8905,بلاط - بند 12,نقطة,513.783,1403.45,721070.83,بلاط,نوع 5,مواصفات البند 12
87,PROJ-3045,ITEM-9327,طوب - بند 13,طن,153.196,993.52,152203.05,سباكة,نوع 4,مواصفات البند 13
88,PROJ-3045,ITEM-5377,خرسانة - بند 14,متر,346.476,3949.2,1368305.36,سباكة,نوع 5,مواصفات البند 14
89,PROJ-3045,ITEM-3434,بلاط - بند 15,لتر,584.124,3316.71,1937368.5,نجارة,نوع 3,مواصفات البند 15
90,PROJ-3045,ITEM-8460,نجارة - بند 16,نقطة,556.398,2739.98,1524519.4,كهرباء,نوع 5,مواصفات البند 16
91,PROJ-3045,ITEM-7730,خرسانة - بند 17,قطعة,389.141,4287.26,1668350.89,بلاط,نوع 4,مواصفات البند 17
92,PROJ-3045,ITEM-3492,بلاط - بند 18,م3,392.218,3335.26,1308148.77,طوب,نوع 5,مواصفات البند 18
93,PROJ-3045,ITEM-2644,بلاط - بند 19,طن,965.7,1693.37,1635291.16,بلاط,نوع 1,مواصفات البند 19
94,PROJ-3045,ITEM-3529,حديد - بند 20,لتر,725.219,2079.39,1508016.97,سباكة,نوع 3,مواصفات البند 20
95,PROJ-3045,ITEM-2315,نجارة - بند 21,كجم,627.027,2017.54,1265053.2,نجارة,نوع 4,مواصفات البند 21
96,PROJ-3045,ITEM-2121,كهرباء - بند 22,متر,873.659,227.7,198932.67,كهرباء,نوع 1,مواصفات البند 22
97,PROJ-3045,ITEM-2646,بلاط - بند 23,م2,439.632,537.29,236211.27,سباكة,نوع 1,مواصفات البند 23
98,PROJ-3045,ITEM-5806,نجارة - بند 24,قطعة,55.531,3990.91,221619.47,دهان,نوع 2,مواصفات البند 24
99,PROJ-1750,ITEM-3950,طوب - بند 1,م2,535.855,2851.34,1527905.91,حديد,نوع 5,مواصفات البند 1
100,PROJ-1750,ITEM-4945,بلاط - بند 2,م2,872.131,3117.57,2718926.87,كهرباء,نوع 4,مواصفات البند 2
101,PROJ-1750,ITEM-1153,بلاط - بند 3,متر,641.526,2324.87,1491466.13,طوب,نوع 1,مواصفات البند 3
102,PROJ-1750,ITEM-5901,دهان - بند 4,متر,447.312,1760.55,787515.93,بلاط,نوع 3,مواصفات البند 4
103,PROJ-1750,ITEM-8916,حديد - بند 5,نقطة,207.225,1954.23,404965.31,دهان,نوع 5,مواصفات البند 5
104,PROJ-1750,ITEM-5837,خرسانة - بند 6,كجم,365.37,1514.57,553377.17,سباكة,نوع 1,مواصفات البند 6
105,PROJ-1750,ITEM-1803,بلاط - بند 7,متر,570.27,3444.71,1964412.4,كهرباء,نوع 5,مواصفات البند 7
106,PROJ-1750,ITEM-4115,سباكة - بند 8,م2,803.913,1134.07,911695.19,حديد,نوع 1,مواصفات البند 8
107,PROJ-1750,ITEM-6977,طوب - بند 9,طن,315.844,2232.07,704986.44,سباكة,نوع 3,مواصفات البند 9
108,PROJ-1750,ITEM-3165,نجارة - بند 10,متر,750.006,919.42,689569.33,طوب,نوع 3,مواصفات البند 10
109,PROJ-1750,ITEM-5835,نجارة - بند 11,طن,914.908,4723.73,4321780.27,بلاط,نوع 1,مواصفات البند 11
110,PROJ-1750,ITEM-7511,نجارة - بند 12,طن,149.349,4834.18,721981.51,دهان,نوع 1,مواصفات البند 12
111,PROJ-1750,ITEM-7038,سباكة - بند 13,كجم,271.814,661.76,179876.78,نجارة,نوع 1,مواصفات البند 13
112,PROJ-1750,ITEM-6374,كهرباء - بند 14,طن,678.088,2383.81,1616433.74,بلاط,نوع 3,مواصفات البند 14
113,PROJ-1750,ITEM-1742,خرسانة - بند 15,متر,652.747,627.55,409628.73,بلاط,نوع 1,مواصفات البند 15
114,PROJ-1750,ITEM-3222,دهان - بند 16,لتر,106.22,4441.93,471822.53,نجارة,نوع 5,مواصفات البند 16
115,PROJ-1750,ITEM-3531,دهان - بند 17,طن,424.935,3724.23,1582558.17,بلاط,نوع 5,مواصفات البند 17
116,PROJ-7065,ITEM-7070,كهرباء - بند 1,لتر,939.663,1434.71,1348146.71,بلاط,نوع 2,مواصفات البند 1
117,PROJ-7065,ITEM-7018,نجارة - بند 2,م3,856.896,541.81,464270.71,دهان,نوع 3,مواصفات البند 2
118,PROJ-7065,ITEM-8450,حديد - بند 3,نقطة,197.91,654.69,129570.13,خرسانة,نوع 1,مواصفات البند 3
119,PROJ-7065,ITEM-3063,كهرباء - بند 4,طن,788.927,1255.67,990628.4,كهرباء,نوع 5,مواصفات البند 4
120,PROJ-7065,ITEM-6383,طوب - بند 5,م3,223.792,4354.99,974611.75,سباكة,نوع 2,مواصفات البند 5
121,PROJ-7065,ITEM-3858,حديد - بند 6,م3,987.652,2724.07,2690429.82,طوب,نوع 1,مواصفات البند 6
122,PROJ-7065,ITEM-6304,خرسانة - بند 7,م2,364.66,3952.74,1441404.18,سباكة,نوع 1,مواصفات البند 7
123,PROJ-7065,ITEM-2862,حديد - بند 8,لتر,135.491,2133.75,289104.48,بلاط,نوع 3,مواصفات البند 8
124,PROJ-7065,ITEM-9254,كهرباء - بند 9,م3,518.106,589.82,305587.66,سباكة,نوع 4,مواصفات البند 9
125,PROJ-7065,ITEM-8847,دهان - بند 10,كجم,646.907,204.2,132095.66,حديد,نوع 4,مواصفات البند 10
126,PROJ-7065,ITEM-2323,نجارة - بند 11,م2,715.277,2245.63,1606250.69,حديد,نوع 2,مواصفات البند 11
127,PROJ-7065,ITEM-9984,نجارة - بند 12,كجم,282.266,3183.73,898658.16,سباكة,نوع 4,مواصفات البند 12
128,PROJ-7065,ITEM-2874,كهرباء - بند 13,كجم,510.496,2179.49,1112618.27,بلاط,نوع 2,مواصفات البند 13
129,PROJ-7065,ITEM-7532,دهان - بند 14,طن,419.675,4145.73,1739859.01,نجارة,نوع 4,مواصفات البند 14
130,PROJ-7065,ITEM-3500,بلاط - بند 15,طن,319.398,1311.7,418956.23,حديد,نوع 1,مواصفات البند 15
131,PROJ-7065,ITEM-7105,طوب - بند 16,م3,102.298,527.99,54012.62,نجارة,نوع 1,مواصفات البند 16
132,PROJ-7065,ITEM-7929,خرسانة - بند 17,متر,416.701,4374.36,1822796.74,سباكة,نوع 3,مواصفات البند 17
133,PROJ-7065,ITEM-3535,بلاط - بند 18,نقطة,112.565,2561.69,288355.75,حديد,نوع 3,مواصفات البند 18
134,PROJ-7065,ITEM-5564,كهرباء - بند 19,كجم,846.92,1869.43,1583254.69,خرسانة,نوع 5,مواصفات البند 19
135,PROJ-7065,ITEM-5381,خرسانة - بند 20,م2,929.793,4155.83,3864064.35,سباكة,نوع 3,مواصفات البند 20
136,PROJ-7065,ITEM-3972,طوب - بند 21,كجم,922.322,1787.57,1648711.65,حديد,نوع 2,مواصفات البند 21
137,PROJ-7065,ITEM-2503,كهرباء - بند 22,كجم,743.559,4860.46,3614041.37,دهان,نوع 4,مواصفات البند 22
138,PROJ-7065,ITEM-6314,حديد - بند 23,م3,347.487,1881.76,653888.15,طوب,نوع 2,مواصفات البند 23
139,PROJ-8573,ITEM-7947,بلاط - بند 1,لتر,677.229,1396.91,946027.37,دهان,نوع 3,مواصفات البند 1
140,PROJ-8573,ITEM-6655,دهان - بند 2,طن,223.413,2586.11,577772.25,سباكة,نوع 5,مواصفات البند 2
141,PROJ-8573,ITEM-1744,كهرباء - بند 3,كجم,491.766,3352.31,1648551.62,خرسانة,نوع 1,مواصفات البند 3
142,PROJ-8573,ITEM-3248,سباكة - بند 4,متر,212.379,4729.35,1004415.02,نجارة,نوع 1,مواصفات البند 4
143,PROJ-8573,ITEM-3878,طوب - بند 5,كجم,17.653,3747.72,66157.03,كهرباء,نوع 5,مواصفات البند 5
144,PROJ-8573,ITEM-6802,حديد - بند 6,كجم,563.136,3356.84,1890357.69,خرسانة,نوع 4,مواصفات البند 6
145,PROJ-8573,ITEM-6129,دهان - بند 7,كجم,28.554,4609.75,131627.48,دهان,نوع 3,مواصفات البند 7
146,PROJ-8573,ITEM-6321,طوب - بند 8,لتر,124.022,153.24,19005.07,نجارة,نوع 1,مواصفات البند 8
147,PROJ-8573,ITEM-8138,دهان - بند 9,طن,442.345,574.02,253915.79,دهان,نوع 3,مواصفات البند 9
148,PROJ-8573,ITEM-3754,حديد - بند 10,طن,748.347,1146.78,858190.38,كهرباء,نوع 3,مواصفات البند 10
149,PROJ-8573,ITEM-3419,كهرباء - بند 11,طن,357.589,4793.21,1713996.33,طوب,نوع 3,مواصفات البند 11
150,PROJ-7572,ITEM-2234,طوب - بند 1,لتر,181.764,806.71,146630.04,بلاط,نوع 5,مواصفات البند 1
151,PROJ-7572,ITEM-6295,نجارة - بند 2,م2,762.278,2272.08,1731958.24,بلاط,نوع 1,مواصفات البند 2
152,PROJ-7572,ITEM-5500,خرسانة - بند 3,قطعة,474.232,3175.36,1505855.19,حديد,نوع 3,مواصفات البند 3
153,PROJ-7572,ITEM-7041,سباكة - بند 4,طن,467.125,236.16,110314.32,حديد,نوع 5,مواصفات البند 4
154,PROJ-7572,ITEM-1672,بلاط - بند 5,نقطة,598.139,1953.19,1168278.11,نجارة,نوع 5,مواصفات البند 5
155,PROJ-7572,ITEM-2013,بلاط - بند 6,طن,480.873,796.76,383141.28,نجارة,نوع 1,مواصفات البند 6
156,PROJ-7572,ITEM-5059,بلاط - بند 7,لتر,509.504,904.17,460676.06,طوب,نوع 3,مواصفات البند 7
157,PROJ-7572,ITEM-7697,نجارة - بند 8,م3,379.123,1450.32,549851.56,نجارة,نوع 1,مواصفات البند 8
158,PROJ-7572,ITEM-7333,سباكة - بند 9,متر,336.394,2811.92,945911.88,طوب,نوع 3,مواصفات البند 9
159,PROJ-7572,ITEM-6731,سباكة - بند 10,كجم,90.687,3334.88,302430.15,طوب,نوع 5,مواصفات البند 10
160,PROJ-7572,ITEM-7171,نجارة - بند 11,م2,711.746,469.36,334064.32,حديد,نوع 4,مواصفات البند 11
161,PROJ-7572,ITEM-6060,طوب - بند 12,نقطة,513.404,140.24,72000.32,نجارة,نوع 4,مواصفات البند 12
162,PROJ-7572,ITEM-3538,حديد - بند 13,متر,200.085,4999.88,1000402.75,حديد,نوع 5,مواصفات البند 13
163,PROJ-7572,ITEM-9626,خرسانة - بند 14,قطعة,773.166,4183.84,3234805.15,طوب,نوع 5,مواصفات البند 14
164,PROJ-7572,ITEM-3712,بلاط - بند 15,م3,382.953,853.12,326706.0,دهان,نوع 3,مواصفات البند 15
165,PROJ-7572,ITEM-8277,سباكة - بند 16,لتر,679.599,1225.77,833035.48,كهرباء,نوع 5,مواصفات البند 16
166,PROJ-5339,ITEM-8684,كهرباء - بند 1,قطعة,316.373,4052.69,1282161.99,بلاط,نوع 4,مواصفات البند 1
167,PROJ-5339,ITEM-9239,دهان - بند 2,م2,771.744,3901.71,3011125.01,كهرباء,نوع 5,مواصفات البند 2
168,PROJ-5339,ITEM-8873,نجارة - بند 3,طن,147.015,1287.52,189283.57,حديد,نوع 3,مواصفات البند 3
169,PROJ-5339,ITEM-8361,طوب - بند 4,كجم,93.036,843.55,78480.47,حديد,نوع 2,مواصفات البند 4
170,PROJ-5339,ITEM-1436,دهان - بند 5,م3,818.536,4428.92,3625229.31,دهان,نوع 5,مواصفات البند 5
171,PROJ-5339,ITEM-2337,نجارة - بند 6,نقطة,380.222,1961.52,745813.68,خرسانة,نوع 3,مواصفات البند 6
172,PROJ-5339,ITEM-6493,طوب - بند 7,م2,931.518,4203.92,3916028.11,خرسانة,نوع 3,مواصفات البند 7
173,PROJ-5339,ITEM-3273,بلاط - بند 8,لتر,918.222,2388.65,2193313.24,خرسانة,نوع 1,مواصفات البند 8
174,PROJ-5339,ITEM-3449,دهان - بند 9,طن,28.814,1117.49,32199.21,سباكة,نوع 2,مواصفات البند 9
175,PROJ-5339,ITEM-7878,بلاط - بند 10,طن,308.14,286.36,88238.81,حديد,نوع 4,مواصفات البند 10
176,PROJ-5339,ITEM-9443,كهرباء - بند 11,م2,600.772,131.35,78914.36,سباكة,نوع 4,مواصفات البند 11
177,PROJ-5339,ITEM-7825,طوب - بند 12,طن,11.549,1796.44,20746.53,نجارة,نوع 1,مواصفات البند 12
178,PROJ-5339,ITEM-9316,خرسانة - بند 13,كجم,953.87,2743.21,2616660.64,بلاط,نوع 1,مواصفات البند 13
179,PROJ-5339,ITEM-5155,خرسانة - بند 14,قطعة,639.314,4906.15,3136567.69,حديد,نوع 3,مواصفات البند 14
180,PROJ-5339,ITEM-2698,نجارة - بند 15,م2,248.715,3302.67,821421.66,خرسانة,نوع 3,مواصفات البند 15
181,PROJ-5339,ITEM-3868,بلاط - بند 16,لتر,550.554,4076.87,2244534.87,طوب,نوع 2,مواصفات البند 16
182,PROJ-5339,ITEM-8498,خرسانة - بند 17,متر,72.47,3892.14,282061.74,كهرباء,نوع 1,مواصفات البند 17
183,PROJ-9348,ITEM-6080,دهان - بند 1,لتر,886.932,1612.2,1429911.93,سباكة,نوع 1,مواصفات البند 1
184,PROJ-9348,ITEM-6848,خرسانة - بند 2,قطعة,755.758,995.96,752706.25,سباكة,نوع 1,مواصفات البند 2
185,PROJ-9348,ITEM-7553,بلاط - بند 3,كجم,801.349,2212.91,1773312.66,نجارة,نوع 2,مواصفات البند 3
186,PROJ-9348,ITEM-9507,سباكة - بند 4,طن,501.241,2512.74,1259489.2,دهان,نوع 1,مواصفات البند 4
187,PROJ-9348,ITEM-3956,سباكة - بند 5,قطعة,436.301,4975.74,2170918.96,حديد,نوع 1,مواصفات البند 5
188,PROJ-9348,ITEM-8305,دهان - بند 6,م2,334.641,1513.42,506451.18,بلاط,نوع 3,مواصفات البند 6
189,PROJ-9348,ITEM-6776,دهان - بند 7,متر,452.658,3647.73,1651176.06,خرسانة,نوع 1,مواصفات البند 7
190,PROJ-9348,ITEM-9406,طوب - بند 8,م3,674.472,2060.74,1389911.97,طوب,نوع 5,مواصفات البند 8
191,PROJ-9348,ITEM-3068,حديد - بند 9,نقطة,681.308,2218.96,1511792.09,نجارة,نوع 3,مواصفات البند 9
192,PROJ-9348,ITEM-3513,بلاط - بند 10,قطعة,389.026,2857.86,1111781.82,نجارة,نوع 4,مواصفات البند 10
193,PROJ-9348,ITEM-9674,نجارة - بند 11,كجم,765.454,2890.91,2212859.69,نجارة,نوع 3,مواصفات البند 11
194,PROJ-9348,ITEM-4048,بلاط - بند 12,كجم,257.116,611.57,157244.31,حديد,نوع 3,مواصفات البند 12
195,PROJ-9348,ITEM-4515,سباكة - بند 13,لتر,777.215,3534.99,2747444.48,كهرباء,نوع 1,مواصفات البند 13
196,PROJ-9348,ITEM-3828,بلاط - بند 14,طن,144.371,416.56,60138.89,نجارة,نوع 3,مواصفات البند 14
197,PROJ-9348,ITEM-5757,سباكة - بند 15,م2,712.445,2772.49,1975243.93,طوب,نوع 3,مواصفات البند 15
198,PROJ-9348,ITEM-4292,طوب - بند 16,نقطة,513.668,650.74,334266.57,بلاط,نوع 1,مواصفات البند 16
199,PROJ-7252,ITEM-3126,حديد - بند 1,طن,558.481,1876.11,1047772.36,سباكة,نوع 4,مواصفات البند 1
200,PROJ-7252,ITEM-9612,دهان - بند 2,كجم,999.599,3608.4,3606958.18,حديد,نوع 2,مواصفات البند 2
201,PROJ-7252,ITEM-8372,بلاط - بند 3,قطعة,972.656,3229.58,3141266.28,طوب,نوع 5,مواصفات البند 3
202,PROJ-7252,ITEM-3114,دهان - بند 4,م3,643.396,950.72,611687.84,حديد,نوع 5,مواصفات البند 4
203,PROJ-7252,ITEM-6286,كهرباء - بند 5,قطعة,161.485,865.05,139693.28,سباكة,نوع 1,مواصفات البند 5
204,PROJ-7252,ITEM-5496,طوب - بند 6,متر,258.099,3193.53,824248.39,حديد,نوع 5,مواصفات البند 6
205,PROJ-7252,ITEM-3526,طوب - بند 7,قطعة,644.578,2979.45,1920487.75,خرسانة,نوع 1,مواصفات البند 7
206,PROJ-7252,ITEM-5336,كهرباء - بند 8,كجم,90.411,4745.31,429026.17,خرسانة,نوع 4,مواصفات البند 8
207,PROJ-7252,ITEM-5949,بلاط - بند 9,نقطة,890.107,2750.61,2448335.68,دهان,نوع 3,مواصفات البند 9
208,PROJ-7252,ITEM-3589,بلاط - بند 10,كجم,459.009,3458.64,1587544.53,بلاط,نوع 4,مواصفات البند 10
209,PROJ-7252,ITEM-6121,نجارة - بند 11,قطعة,211.983,3052.97,647176.72,دهان,نوع 2,مواصفات البند 11
210,PROJ-7252,ITEM-2739,نجارة - بند 12,نقطة,763.058,2599.15,1983304.37,بلاط,نوع 1,مواصفات البند 12
211,PROJ-7252,ITEM-2586,خرسانة - بند 13,متر,274.797,1277.2,350970.25,دهان,نوع 5,مواصفات البند 13
212,PROJ-7252,ITEM-3616,نجارة - بند 14,قطعة,423.953,4815.29,2041460.65,كهرباء,نوع 2,مواصفات البند 14
213,PROJ-7252,ITEM-9171,سباكة - بند 15,لتر,503.283,2597.89,1307472.55,خرسانة,نوع 1,مواصفات البند 15
214,PROJ-7252,ITEM-4944,كهرباء - بند 16,قطعة,945.78,2551.95,2413584.57,خرسانة,نوع 1,مواصفات البند 16
215,PROJ-7252,ITEM-8710,سباكة - بند 17,م3,288.543,3007.72,867855.27,حديد,نوع 4,مواصفات البند 17
216,PROJ-7252,ITEM-6992,دهان - بند 18,قطعة,142.596,1359.14,193807.5,خرسانة,نوع 4,مواصفات البند 18
217,PROJ-7252,ITEM-6939,سباكة - بند 19,طن,60.646,2830.99,171688.74,دهان,نوع 5,مواصفات البند 19
218,PROJ-7252,ITEM-2946,طوب - بند 20,طن,455.851,2771.79,1263523.97,دهان,نوع 3,مواصفات البند 20
219,PROJ-7252,ITEM-6990,طوب - بند 21,نقطة,796.948,1728.47,1377502.93,دهان,نوع 5,مواصفات البند 21
220,PROJ-2827,ITEM-6456,بلاط - بند 1,لتر,54.85,728.33,39949.14,طوب,نوع 5,مواصفات البند 1
221,PROJ-2827,ITEM-6218,طوب - بند 2,كجم,894.2,741.92,663421.46,سباكة,نوع 5,مواصفات البند 2
222,PROJ-2827,ITEM-9721,بلاط - بند 3,متر,343.01,4150.03,1423501.46,بلاط,نوع 1,مواصفات البند 3
223,PROJ-2827,ITEM-7824,سباكة - بند 4,م3,374.674,3385.34,1268400.28,بلاط,نوع 3,مواصفات البند 4
224,PROJ-2827,ITEM-4728,خرسانة - بند 5,لتر,967.4,3925.37,3797407.5,طوب,نوع 5,مواصفات البند 5
225,PROJ-2827,ITEM-7229,طوب - بند 6,نقطة,632.735,3117.69,1972672.96,خرسانة,نوع 5,مواصفات البند 6
226,PROJ-2827,ITEM-1310,بلاط - بند 7,قطعة,948.723,593.98,563525.24,دهان,نوع 2,مواصفات البند 7
227,PROJ-2827,ITEM-9221,بلاط - بند 8,م3,418.831,1059.26,443652.01,طوب,نوع 5,مواصفات البند 8
228,PROJ-2827,ITEM-8837,دهان - بند 9,قطعة,215.268,1659.0,357129.06,طوب,نوع 4,مواصفات البند 9
229,PROJ-2827,ITEM-6804,سباكة - بند 10,لتر,913.003,1744.52,1592750.7,كهرباء,نوع 2,مواصفات البند 10
230,PROJ-2827,ITEM-5876,سباكة - بند 11,نقطة,286.216,1527.57,437215.72,بلاط,نوع 3,مواصفات البند 11
231,PROJ-2743,ITEM-5480,سباكة - بند 1,طن,355.315,4671.82,1659967.27,دهان,نوع 4,مواصفات البند 1
232,PROJ-2743,ITEM-3399,سباكة - بند 2,م3,820.194,4775.31,3916682.29,سباكة,نوع 1,مواصفات البند 2
233,PROJ-2743,ITEM-5201,بلاط - بند 3,نقطة,352.9,2239.76,790411.65,كهرباء,نوع 5,مواصفات البند 3
234,PROJ-2743,ITEM-5450,طوب - بند 4,طن,278.421,2831.99,788486.38,كهرباء,نوع 2,مواصفات البند 4
235,PROJ-2743,ITEM-4697,كهرباء - بند 5,م3,60.258,4530.66,273007.6,حديد,نوع 4,مواصفات البند 5
236,PROJ-2743,ITEM-3252,خرسانة - بند 6,م2,336.991,2388.4,804868.33,دهان,نوع 4,مواصفات البند 6
237,PROJ-2743,ITEM-5706,نجارة - بند 7,متر,482.674,1037.31,500681.19,خرسانة,نوع 1,مواصفات البند 7
238,PROJ-2743,ITEM-1611,طوب - بند 8,كجم,655.776,1199.49,786596.44,طوب,نوع 1,مواصفات البند 8
239,PROJ-2743,ITEM-9116,طوب - بند 9,متر,997.2,2015.12,2009480.97,خرسانة,نوع 1,مواصفات البند 9
240,PROJ-2743,ITEM-6489,سباكة - بند 10,لتر,305.408,3033.78,926540.24,بلاط,نوع 2,مواصفات البند 10
241,PROJ-2743,ITEM-4159,حديد - بند 11,قطعة,852.549,2366.7,2017730.45,طوب,نوع 4,مواصفات البند 11
242,PROJ-2743,ITEM-1230,نجارة - بند 12,متر,651.802,3607.06,2351091.3,كهرباء,نوع 2,مواصفات البند 12
243,PROJ-2743,ITEM-7643,دهان - بند 13,قطعة,614.845,3211.69,1974693.04,حديد,نوع 4,مواصفات البند 13
244,PROJ-2743,ITEM-3303,بلاط - بند 14,قطعة,672.563,964.67,648799.58,كهرباء,نوع 1,مواصفات البند 14
245,PROJ-2743,ITEM-5374,نجارة - بند 15,متر,268.177,1215.83,326058.21,خرسانة,نوع 3,مواصفات البند 15
246,PROJ-2743,ITEM-2017,حديد - بند 16,لتر,657.147,3479.2,2286347.19,سباكة,نوع 2,مواصفات البند 16
247,PROJ-2743,ITEM-6095,حديد - بند 17,متر,411.362,2537.48,1043822.47,نجارة,نوع 5,مواصفات البند 17
248,PROJ-2743,ITEM-8834,طوب - بند 18,لتر,228.641,4788.93,1094945.6,نجارة,نوع 4,مواصفات البند 18
249,PROJ-2743,ITEM-9806,كهرباء - بند 19,نقطة,704.921,4568.34,3220323.5,حديد,نوع 5,مواصفات البند 19
250,PROJ-2743,ITEM-2279,حديد - بند 20,م3,452.28,3533.64,1598197.51,كهرباء,نوع 5,مواصفات البند 20
251,PROJ-2743,ITEM-9525,بلاط - بند 21,طن,541.294,864.46,467926.05,كهرباء,نوع 5,مواصفات البند 21
252,PROJ-2743,ITEM-8298,خرسانة - بند 22,لتر,493.94,4499.5,2222482.75,طوب,نوع 5,مواصفات البند 22
253,PROJ-2743,ITEM-8575,سباكة - بند 23,م3,421.27,2841.36,1196980.81,دهان,نوع 3,مواصفات البند 23
254,PROJ-2743,ITEM-2196,خرسانة - بند 24,كجم,818.289,3741.73,3061817.15,نجارة,نوع 1,مواصفات البند 24
255,PROJ-2743,ITEM-2130,بلاط - بند 25,م3,545.752,348.27,190066.48,سباكة,نوع 4,مواصفات البند 25
256,PROJ-9005,ITEM-7887,نجارة - بند 1,كجم,771.282,3840.85,2962377.49,بلاط,نوع 4,مواصفات البند 1
257,PROJ-9005,ITEM-9835,طوب - بند 2,قطعة,381.889,3429.52,1309694.42,حديد,نوع 2,مواصفات البند 2
258,PROJ-9005,ITEM-3086,كهرباء - بند 3,م3,992.918,1995.64,1981507.72,خرسانة,نوع 3,مواصفات البند 3
259,PROJ-9005,ITEM-7948,دهان - بند 4,نقطة,468.374,3609.52,1690602.56,كهرباء,نوع 4,مواصفات البند 4
260,PROJ-9005,ITEM-2848,خرسانة - بند 5,كجم,352.698,1414.47,498879.58,خرسانة,نوع 2,مواصفات البند 5
261,PROJ-9005,ITEM-1550,بلاط - بند 6,م3,214.021,549.44,117591.32,كهرباء,نوع 1,مواصفات البند 6
262,PROJ-9005,ITEM-4559,خرسانة - بند 7,م2,408.243,1209.98,493965.27,سباكة,نوع 2,مواصفات البند 7
263,PROJ-9005,ITEM-6224,نجارة - بند 8,نقطة,817.628,3671.01,3001523.27,سباكة,نوع 2,مواصفات البند 8
264,PROJ-9005,ITEM-7775,سباكة - بند 9,متر,985.839,2630.19,2592945.52,خرسانة,نوع 5,مواصفات البند 9
265,PROJ-9005,ITEM-3869,دهان - بند 10,لتر,949.035,4404.58,4180104.38,خرسانة,نوع 3,مواصفات البند 10
266,PROJ-9005,ITEM-9592,نجارة - بند 11,كجم,942.171,3373.15,3178078.33,دهان,نوع 2,مواصفات البند 11
267,PROJ-9005,ITEM-9813,بلاط - بند 12,نقطة,306.89,960.2,294675.69,كهرباء,نوع 3,مواصفات البند 12
268,PROJ-9005,ITEM-8586,خرسانة - بند 13,كجم,858.966,764.54,656714.73,دهان,نوع 5,مواصفات البند 13
269,PROJ-9005,ITEM-5177,كهرباء - بند 14,قطعة,534.692,1972.67,1054772.96,حديد,نوع 4,مواصفات البند 14
270,PROJ-9005,ITEM-4120,خرسانة - بند 15,متر,848.662,507.7,430862.99,دهان,نوع 5,مواصفات البند 15
