payment_id,project_id,payment_date,payment_amount,payment_type,invoice_number,payment_status,notes
1,PROJ-5506,2023-11-14,12387684.45,final,INV-83149,pending,دفعة العميل 1
2,PROJ-5506,2023-09-19,12387684.45,milestone,INV-43901,received,دفعة العميل 2
3,PROJ-5506,2023-08-02,12387684.45,retention,INV-92603,received,دفعة العميل 3
4,PROJ-1488,2024-05-27,362706.1,advance,INV-61052,partial,دفعة العميل 1
5,PROJ-1488,2024-04-07,362706.1,advance,INV-94072,partial,دفعة العميل 2
6,PROJ-1488,2024-08-13,362706.1,advance,INV-86756,pending,دفعة العميل 3
7,PROJ-1488,2024-09-03,362706.1,advance,INV-56884,partial,دفعة العميل 4
8,PROJ-1488,2024-04-04,362706.1,final,INV-99899,received,دفعة العميل 5
9,PROJ-8359,2024-04-18,2375771.9,final,INV-67367,received,دفعة العميل 1
10,PROJ-8359,2024-09-23,2375771.9,advance,INV-72126,pending,دفعة العميل 2
11,PROJ-8359,2024-12-03,2375771.9,milestone,INV-27875,partial,دفعة العميل 3
12,PROJ-8359,2024-09-21,2375771.9,final,INV-93105,pending,دفعة العميل 4
13,PROJ-8359,2024-08-04,2375771.9,final,INV-11461,partial,دفعة العميل 5
14,PROJ-8359,2024-12-14,2375771.9,milestone,INV-26152,pending,دفعة العميل 6
15,PROJ-2519,2024-06-29,6796891.46,advance,INV-49936,pending,دفعة العميل 1
16,PROJ-2519,2024-06-04,6796891.46,milestone,INV-64087,partial,دفعة العميل 2
17,PROJ-3045,2024-09-07,7388310.25,milestone,INV-34116,pending,دفعة العميل 1
18,PROJ-3045,2026-01-06,7388310.25,final,INV-35470,pending,دفعة العميل 2
19,PROJ-3045,2024-10-17,7388310.25,advance,INV-81939,received,دفعة العميل 3
20,PROJ-3045,2026-02-04,7388310.25,advance,INV-48096,partial,دفعة العميل 4
21,PROJ-3045,2024-06-22,7388310.25,final,INV-22871,pending,دفعة العميل 5
22,PROJ-3045,2025-11-30,7388310.25,retention,INV-53365,received,دفعة العميل 6
23,PROJ-1750,2024-01-03,1833190.25,milestone,INV-23113,received,دفعة العميل 1
24,PROJ-1750,2023-12-21,1833190.25,advance,INV-35362,received,دفعة العميل 2
25,PROJ-1750,2023-11-17,1833190.25,retention,INV-53036,partial,دفعة العميل 3
26,PROJ-7065,2024-11-03,7662996.2,milestone,INV-84128,partial,دفعة العميل 1
27,PROJ-7065,2024-07-13,7662996.2,final,INV-66139,pending,دفعة العميل 2
28,PROJ-7065,2024-01-11,7662996.2,final,INV-42266,pending,دفعة العميل 3
29,PROJ-7065,2024-12-02,7662996.2,retention,INV-46264,received,دفعة العميل 4
30,PROJ-8573,2024-08-20,12843840.7,final,INV-72908,received,دفعة العميل 1
31,PROJ-8573,2024-04-23,12843840.7,final,INV-50038,received,دفعة العميل 2
32,PROJ-8573,2024-06-16,12843840.7,advance,INV-33038,partial,دفعة العميل 3
33,PROJ-7572,2023-03-15,2679425.85,final,INV-28350,partial,دفعة العميل 1
34,PROJ-7572,2023-05-13,2679425.85,final,INV-92132,pending,دفعة العميل 2
35,PROJ-7572,2024-02-09,2679425.85,advance,INV-12441,partial,دفعة العميل 3
36,PROJ-7572,2023-12-22,2679425.85,advance,INV-86269,partial,دفعة العميل 4
37,PROJ-7572,2023-08-28,2679425.85,milestone,INV-14804,partial,دفعة العميل 5
38,PROJ-7572,2023-06-15,2679425.85,retention,INV-95709,pending,دفعة العميل 6
39,PROJ-5339,2024-10-31,11235558.19,milestone,INV-87280,partial,دفعة العميل 1
40,PROJ-5339,2024-09-09,11235558.19,milestone,INV-70909,partial,دفعة العميل 2
41,PROJ-5339,2024-12-31,11235558.19,advance,INV-62007,received,دفعة العميل 3
42,PROJ-5339,2024-12-27,11235558.19,advance,INV-96858,pending,دفعة العميل 4
43,PROJ-9348,2023-11-05,5259763.18,milestone,INV-68487,pending,دفعة العميل 1
44,PROJ-9348,2023-11-12,5259763.18,milestone,INV-73373,received,دفعة العميل 2
45,PROJ-9348,2023-09-02,5259763.18,milestone,INV-73916,pending,دفعة العميل 3
46,PROJ-9348,2023-09-14,5259763.18,final,INV-58422,pending,دفعة العميل 4
47,PROJ-9348,2023-09-03,5259763.18,milestone,INV-77880,received,دفعة العميل 5
48,PROJ-9348,2024-02-27,5259763.18,retention,INV-69591,pending,دفعة العميل 6
49,PROJ-7252,2024-02-01,23575163.82,advance,INV-78337,partial,دفعة العميل 1
50,PROJ-7252,2023-12-12,23575163.82,final,INV-85842,partial,دفعة العميل 2
51,PROJ-2827,2024-03-27,7952314.73,retention,INV-95678,received,دفعة العميل 1
52,PROJ-2827,2024-10-09,7952314.73,advance,INV-77720,received,دفعة العميل 2
53,PROJ-2827,2024-10-20,7952314.73,milestone,INV-77681,received,دفعة العميل 3
54,PROJ-2827,2024-09-26,7952314.73,final,INV-73813,received,دفعة العميل 4
55,PROJ-2827,2023-10-07,7952314.73,milestone,INV-67658,pending,دفعة العميل 5
56,PROJ-2827,2024-05-23,7952314.73,advance,INV-77441,partial,دفعة العميل 6
57,PROJ-2743,2024-02-03,9561071.15,milestone,INV-34498,pending,دفعة العميل 1
58,PROJ-2743,2024-07-06,9561071.15,advance,INV-96652,pending,دفعة العميل 2
59,PROJ-2743,2024-08-29,9561071.15,final,INV-24855,received,دفعة العميل 3
60,PROJ-2743,2025-05-23,9561071.15,retention,INV-72786,pending,دفعة العميل 4
61,PROJ-9005,2023-06-15,561215.96,retention,INV-12942,pending,دفعة العميل 1
62,PROJ-9005,2023-02-14,561215.96,milestone,INV-85168,partial,دفعة العميل 2
63,PROJ-9005,2023-06-14,561215.96,milestone,INV-92515,partial,دفعة العميل 3
64,PROJ-9005,2023-02-10,561215.96,milestone,INV-17328,pending,دفعة العميل 4
65,PROJ-9005,2023-09-22,561215.96,milestone,INV-77717,received,دفعة العميل 5
66,PROJ-9005,2023-01-20,561215.96,final,INV-21239,pending,دفعة العميل 6
