supplier_id,supplier_name,contact_person,phone,email,address,supplier_type,credit_limit,payment_terms,status
SUP-7640,شركة الإمارات للمواد البناء,مدير 1,0560903955,supplier1@company.ae,عنوان المورد 1,services,597431.2955767259,33 يوم,active
SUP-1154,مؤسسة الخليج للمقاولات,مدير 2,0533002714,supplier2@company.ae,عنوان المورد 2,materials,549872.5538015128,57 يوم,active
SUP-6427,شركة دبي للخرسانة الجاهزة,مدير 3,0585947990,supplier3@company.ae,عنوان المورد 3,materials,905312.0909284297,88 يوم,active
SUP-1697,مؤسسة أبوظبي للحديد,مدير 4,0540838737,supplier4@company.ae,عنوان المورد 4,equipment,911145.6631221265,74 يوم,active
SUP-8790,شركة الشارقة للكهرباء,مدير 5,0546385762,supplier5@company.ae,عنوان المورد 5,materials,931743.3399477098,73 يوم,active
SUP-5593,مؤسسة عجمان للسباكة,مدير 6,0582884346,supplier6@company.ae,عنوان المورد 6,materials,261419.05289806216,84 يوم,active
SUP-6152,شركة رأس الخيمة للنجارة,مدير 7,0512101593,supplier7@company.ae,عنوان المورد 7,equipment,628332.4936760395,78 يوم,active
SUP-7525,مؤسسة الفجيرة للدهانات,مدير 8,0520326375,supplier8@company.ae,عنوان المورد 8,subcontractor,246205.2256432353,45 يوم,active
