milestone_id,project_id,milestone_name,planned_date,actual_date,completion_status,payment_percentage,payment_amount,notes
1,PROJ-5506,مرحلة 1 - مشروع تجاري 1,2023-08-28,,pending,12.5,4645381.67,ملاحظات المرحلة 1
2,PROJ-5506,مرحلة 2 - مشروع تجاري 1,2023-08-22,,delayed,12.5,4645381.67,ملاحظات المرحلة 2
3,PROJ-5506,مرحلة 3 - مشروع تجاري 1,2023-05-10,,completed,12.5,4645381.67,ملاحظات المرحلة 3
4,PROJ-5506,مرحلة 4 - مشروع تجاري 1,2023-09-14,,delayed,12.5,4645381.67,ملاحظات المرحلة 4
5,PROJ-5506,مرحلة 5 - مشروع تجاري 1,2023-08-09,,completed,12.5,4645381.67,ملاحظات المرحلة 5
6,PROJ-5506,مرحلة 6 - مشروع تجاري 1,2023-11-14,,delayed,12.5,4645381.67,ملاحظات المرحلة 6
7,PROJ-5506,مرحلة 7 - مشروع تجاري 1,2023-05-09,,delayed,12.5,4645381.67,ملاحظات المرحلة 7
8,PROJ-5506,مرحلة 8 - مشروع تجاري 1,2023-07-02,,delayed,12.5,4645381.67,ملاحظات المرحلة 8
9,PROJ-1488,مرحلة 1 - مشروع سكني 2,2024-09-11,,pending,33.33,604510.17,ملاحظات المرحلة 1
10,PROJ-1488,مرحلة 2 - مشروع سكني 2,2024-05-24,,pending,33.33,604510.17,ملاحظات المرحلة 2
11,PROJ-1488,مرحلة 3 - مشروع سكني 2,2024-05-02,,delayed,33.33,604510.17,ملاحظات المرحلة 3
12,PROJ-8359,مرحلة 1 - مشروع صناعي 3,2024-04-25,,delayed,33.33,4751543.8,ملاحظات المرحلة 1
13,PROJ-8359,مرحلة 2 - مشروع صناعي 3,2024-07-01,,delayed,33.33,4751543.8,ملاحظات المرحلة 2
14,PROJ-8359,مرحلة 3 - مشروع صناعي 3,2024-09-18,,pending,33.33,4751543.8,ملاحظات المرحلة 3
15,PROJ-2519,مرحلة 1 - مشروع بنية تحتية 4,2024-09-05,,delayed,25.0,3398445.73,ملاحظات المرحلة 1
16,PROJ-2519,مرحلة 2 - مشروع بنية تحتية 4,2024-04-16,,delayed,25.0,3398445.73,ملاحظات المرحلة 2
17,PROJ-2519,مرحلة 3 - مشروع بنية تحتية 4,2024-03-11,,delayed,25.0,3398445.73,ملاحظات المرحلة 3
18,PROJ-2519,مرحلة 4 - مشروع بنية تحتية 4,2024-07-10,,delayed,25.0,3398445.73,ملاحظات المرحلة 4
19,PROJ-3045,مرحلة 1 - مشروع بنية تحتية 5,2026-01-28,,delayed,33.33,14776620.51,ملاحظات المرحلة 1
20,PROJ-3045,مرحلة 2 - مشروع بنية تحتية 5,2025-04-16,,delayed,33.33,14776620.51,ملاحظات المرحلة 2
21,PROJ-3045,مرحلة 3 - مشروع بنية تحتية 5,2025-07-28,,delayed,33.33,14776620.51,ملاحظات المرحلة 3
22,PROJ-1750,مرحلة 1 - مشروع تجاري 6,2023-11-02,,pending,12.5,687446.34,ملاحظات المرحلة 1
23,PROJ-1750,مرحلة 2 - مشروع تجاري 6,2023-08-27,,pending,12.5,687446.34,ملاحظات المرحلة 2
24,PROJ-1750,مرحلة 3 - مشروع تجاري 6,2023-12-03,,completed,12.5,687446.34,ملاحظات المرحلة 3
25,PROJ-1750,مرحلة 4 - مشروع تجاري 6,2023-11-22,,completed,12.5,687446.34,ملاحظات المرحلة 4
26,PROJ-1750,مرحلة 5 - مشروع تجاري 6,2023-12-31,,pending,12.5,687446.34,ملاحظات المرحلة 5
27,PROJ-1750,مرحلة 6 - مشروع تجاري 6,2023-11-29,,delayed,12.5,687446.34,ملاحظات المرحلة 6
28,PROJ-1750,مرحلة 7 - مشروع تجاري 6,2023-11-06,,completed,12.5,687446.34,ملاحظات المرحلة 7
29,PROJ-1750,مرحلة 8 - مشروع تجاري 6,2024-03-03,,completed,12.5,687446.34,ملاحظات المرحلة 8
30,PROJ-7065,مرحلة 1 - مشروع صناعي 7,2024-06-23,,completed,14.29,4378854.97,ملاحظات المرحلة 1
31,PROJ-7065,مرحلة 2 - مشروع صناعي 7,2024-08-07,,delayed,14.29,4378854.97,ملاحظات المرحلة 2
32,PROJ-7065,مرحلة 3 - مشروع صناعي 7,2024-08-16,,delayed,14.29,4378854.97,ملاحظات المرحلة 3
33,PROJ-7065,مرحلة 4 - مشروع صناعي 7,2024-06-22,,delayed,14.29,4378854.97,ملاحظات المرحلة 4
34,PROJ-7065,مرحلة 5 - مشروع صناعي 7,2024-05-11,,delayed,14.29,4378854.97,ملاحظات المرحلة 5
35,PROJ-7065,مرحلة 6 - مشروع صناعي 7,2024-10-14,,pending,14.29,4378854.97,ملاحظات المرحلة 6
36,PROJ-7065,مرحلة 7 - مشروع صناعي 7,2024-07-19,,delayed,14.29,4378854.97,ملاحظات المرحلة 7
37,PROJ-8573,مرحلة 1 - مشروع بنية تحتية 8,2024-01-16,,completed,12.5,4816440.26,ملاحظات المرحلة 1
38,PROJ-8573,مرحلة 2 - مشروع بنية تحتية 8,2024-04-26,,completed,12.5,4816440.26,ملاحظات المرحلة 2
39,PROJ-8573,مرحلة 3 - مشروع بنية تحتية 8,2024-03-29,,pending,12.5,4816440.26,ملاحظات المرحلة 3
40,PROJ-8573,مرحلة 4 - مشروع بنية تحتية 8,2023-09-25,,completed,12.5,4816440.26,ملاحظات المرحلة 4
41,PROJ-8573,مرحلة 5 - مشروع بنية تحتية 8,2024-07-09,,pending,12.5,4816440.26,ملاحظات المرحلة 5
42,PROJ-8573,مرحلة 6 - مشروع بنية تحتية 8,2024-05-30,,pending,12.5,4816440.26,ملاحظات المرحلة 6
43,PROJ-8573,مرحلة 7 - مشروع بنية تحتية 8,2024-02-09,,pending,12.5,4816440.26,ملاحظات المرحلة 7
44,PROJ-8573,مرحلة 8 - مشروع بنية تحتية 8,2024-02-08,,pending,12.5,4816440.26,ملاحظات المرحلة 8
45,PROJ-7572,مرحلة 1 - مشروع صناعي 9,2024-04-15,,completed,25.0,4019138.77,ملاحظات المرحلة 1
46,PROJ-7572,مرحلة 2 - مشروع صناعي 9,2023-02-13,,delayed,25.0,4019138.77,ملاحظات المرحلة 2
47,PROJ-7572,مرحلة 3 - مشروع صناعي 9,2024-03-29,,completed,25.0,4019138.77,ملاحظات المرحلة 3
48,PROJ-7572,مرحلة 4 - مشروع صناعي 9,2024-05-17,,delayed,25.0,4019138.77,ملاحظات المرحلة 4
49,PROJ-5339,مرحلة 1 - مشروع تجاري 10,2025-01-23,,delayed,14.29,6420318.96,ملاحظات المرحلة 1
50,PROJ-5339,مرحلة 2 - مشروع تجاري 10,2025-01-31,,pending,14.29,6420318.96,ملاحظات المرحلة 2
51,PROJ-5339,مرحلة 3 - مشروع تجاري 10,2024-06-01,,pending,14.29,6420318.96,ملاحظات المرحلة 3
52,PROJ-5339,مرحلة 4 - مشروع تجاري 10,2024-12-05,,completed,14.29,6420318.96,ملاحظات المرحلة 4
53,PROJ-5339,مرحلة 5 - مشروع تجاري 10,2024-07-02,,pending,14.29,6420318.96,ملاحظات المرحلة 5
54,PROJ-5339,مرحلة 6 - مشروع تجاري 10,2024-08-27,,completed,14.29,6420318.96,ملاحظات المرحلة 6
55,PROJ-5339,مرحلة 7 - مشروع تجاري 10,2025-02-06,,pending,14.29,6420318.96,ملاحظات المرحلة 7
56,PROJ-9348,مرحلة 1 - مشروع بنية تحتية 11,2023-12-22,,completed,25.0,7889644.76,ملاحظات المرحلة 1
57,PROJ-9348,مرحلة 2 - مشروع بنية تحتية 11,2023-09-29,,delayed,25.0,7889644.76,ملاحظات المرحلة 2
58,PROJ-9348,مرحلة 3 - مشروع بنية تحتية 11,2024-03-04,,delayed,25.0,7889644.76,ملاحظات المرحلة 3
59,PROJ-9348,مرحلة 4 - مشروع بنية تحتية 11,2023-12-02,,delayed,25.0,7889644.76,ملاحظات المرحلة 4
60,PROJ-7252,مرحلة 1 - مشروع بنية تحتية 12,2024-02-02,,completed,33.33,15716775.88,ملاحظات المرحلة 1
61,PROJ-7252,مرحلة 2 - مشروع بنية تحتية 12,2023-08-31,,completed,33.33,15716775.88,ملاحظات المرحلة 2
62,PROJ-7252,مرحلة 3 - مشروع بنية تحتية 12,2023-06-12,,delayed,33.33,15716775.88,ملاحظات المرحلة 3
63,PROJ-2827,مرحلة 1 - مشروع صناعي 13,2024-08-03,,pending,12.5,5964236.05,ملاحظات المرحلة 1
64,PROJ-2827,مرحلة 2 - مشروع صناعي 13,2024-10-25,,pending,12.5,5964236.05,ملاحظات المرحلة 2
65,PROJ-2827,مرحلة 3 - مشروع صناعي 13,2023-11-27,,completed,12.5,5964236.05,ملاحظات المرحلة 3
66,PROJ-2827,مرحلة 4 - مشروع صناعي 13,2024-09-21,,completed,12.5,5964236.05,ملاحظات المرحلة 4
67,PROJ-2827,مرحلة 5 - مشروع صناعي 13,2024-11-30,,pending,12.5,5964236.05,ملاحظات المرحلة 5
68,PROJ-2827,مرحلة 6 - مشروع صناعي 13,2024-05-20,,delayed,12.5,5964236.05,ملاحظات المرحلة 6
69,PROJ-2827,مرحلة 7 - مشروع صناعي 13,2023-10-12,,delayed,12.5,5964236.05,ملاحظات المرحلة 7
70,PROJ-2827,مرحلة 8 - مشروع صناعي 13,2024-10-26,,pending,12.5,5964236.05,ملاحظات المرحلة 8
71,PROJ-2743,مرحلة 1 - مشروع صناعي 14,2024-12-19,,pending,20.0,7648856.92,ملاحظات المرحلة 1
72,PROJ-2743,مرحلة 2 - مشروع صناعي 14,2024-05-23,,delayed,20.0,7648856.92,ملاحظات المرحلة 2
73,PROJ-2743,مرحلة 3 - مشروع صناعي 14,2025-01-30,,pending,20.0,7648856.92,ملاحظات المرحلة 3
74,PROJ-2743,مرحلة 4 - مشروع صناعي 14,2024-05-31,,delayed,20.0,7648856.92,ملاحظات المرحلة 4
75,PROJ-2743,مرحلة 5 - مشروع صناعي 14,2024-02-13,,pending,20.0,7648856.92,ملاحظات المرحلة 5
76,PROJ-9005,مرحلة 1 - مشروع سكني 15,2024-02-07,,completed,33.33,1122431.91,ملاحظات المرحلة 1
77,PROJ-9005,مرحلة 2 - مشروع سكني 15,2023-04-03,,pending,33.33,1122431.91,ملاحظات المرحلة 2
78,PROJ-9005,مرحلة 3 - مشروع سكني 15,2024-03-18,,completed,33.33,1122431.91,ملاحظات المرحلة 3
