payment_id,project_id,supplier_id,invoice_number,invoice_amount,paid_amount,payment_date,payment_method,notes
1,PROJ-5506,SUP-7525,SUP-63840,44028.61,25769.21,2024-09-07,cheque,دفعة المورد 1
2,PROJ-5506,SUP-6427,SUP-31983,33044.53,24961.92,2024-12-03,bank_transfer,دفعة المورد 2
3,PROJ-5506,SUP-7525,SUP-59572,31844.0,17018.12,2024-01-30,cheque,دفعة المورد 3
4,PROJ-5506,SUP-1154,SUP-76107,5745.32,4374.23,2024-12-01,credit,دفعة المورد 4
5,PROJ-5506,SUP-6427,SUP-90576,32248.0,18984.75,2024-09-06,cash,دفعة المورد 5
6,PROJ-5506,SUP-1154,SUP-89098,9193.55,7627.85,2024-07-06,cash,دفعة المورد 6
7,PROJ-5506,SUP-6152,SUP-15693,28491.99,19522.39,2024-12-15,credit,دفعة المورد 7
8,PROJ-5506,SUP-1697,SUP-59969,47228.97,34999.58,2023-12-25,cash,دفعة المورد 8
9,PROJ-5506,SUP-6152,SUP-40475,11024.74,8142.55,2023-03-27,bank_transfer,دفعة المورد 9
10,PROJ-5506,SUP-6152,SUP-10932,16601.22,8346.01,2024-08-14,cash,دفعة المورد 10
11,PROJ-1488,SUP-6152,SUP-51405,34454.58,29075.64,2024-02-23,bank_transfer,دفعة المورد 1
12,PROJ-1488,SUP-1154,SUP-43244,11965.04,9880.58,2023-09-25,credit,دفعة المورد 2
13,PROJ-1488,SUP-5593,SUP-62095,32534.63,32401.22,2023-07-28,credit,دفعة المورد 3
14,PROJ-8359,SUP-6427,SUP-43263,21659.58,16839.37,2023-11-11,bank_transfer,دفعة المورد 1
15,PROJ-8359,SUP-6152,SUP-96413,38110.21,35347.2,2023-05-02,cheque,دفعة المورد 2
16,PROJ-8359,SUP-7525,SUP-23143,40239.92,39218.73,2023-08-08,credit,دفعة المورد 3
17,PROJ-8359,SUP-5593,SUP-99727,41038.42,33118.52,2024-12-24,cash,دفعة المورد 4
18,PROJ-8359,SUP-6427,SUP-21939,22509.67,18411.52,2023-05-29,credit,دفعة المورد 5
19,PROJ-8359,SUP-6152,SUP-58606,8966.33,5662.65,2023-03-23,cash,دفعة المورد 6
20,PROJ-8359,SUP-6152,SUP-96006,46880.82,32831.69,2024-06-17,bank_transfer,دفعة المورد 7
21,PROJ-8359,SUP-7640,SUP-93924,47557.21,43282.5,2024-05-21,credit,دفعة المورد 8
22,PROJ-8359,SUP-7640,SUP-77915,14076.83,11661.84,2023-10-20,cheque,دفعة المورد 9
23,PROJ-8359,SUP-7640,SUP-40365,40278.18,30421.06,2024-09-21,cheque,دفعة المورد 10
24,PROJ-2519,SUP-5593,SUP-30636,15766.55,7885.54,2023-03-30,bank_transfer,دفعة المورد 1
25,PROJ-2519,SUP-6152,SUP-86818,20890.74,14572.79,2023-07-25,cash,دفعة المورد 2
26,PROJ-2519,SUP-1154,SUP-83284,46362.98,35921.87,2024-08-19,bank_transfer,دفعة المورد 3
27,PROJ-3045,SUP-8790,SUP-69606,15183.3,14902.84,2024-02-18,cash,دفعة المورد 1
28,PROJ-3045,SUP-8790,SUP-83220,12876.57,9697.59,2023-03-16,bank_transfer,دفعة المورد 2
29,PROJ-3045,SUP-5593,SUP-43776,47615.7,42924.17,2024-07-04,bank_transfer,دفعة المورد 3
30,PROJ-3045,SUP-7525,SUP-41886,48472.5,37885.34,2023-12-14,credit,دفعة المورد 4
31,PROJ-3045,SUP-7525,SUP-73172,45343.57,42215.39,2023-04-30,bank_transfer,دفعة المورد 5
32,PROJ-3045,SUP-1154,SUP-38885,22220.3,19872.23,2024-11-24,cheque,دفعة المورد 6
33,PROJ-3045,SUP-5593,SUP-80208,23559.17,15938.91,2023-01-10,bank_transfer,دفعة المورد 7
34,PROJ-3045,SUP-1697,SUP-54825,17928.03,12540.04,2023-03-19,cheque,دفعة المورد 8
35,PROJ-1750,SUP-5593,SUP-45268,20909.21,19804.33,2023-07-07,cheque,دفعة المورد 1
36,PROJ-1750,SUP-7525,SUP-41726,38170.05,23567.36,2023-09-29,cheque,دفعة المورد 2
37,PROJ-1750,SUP-1697,SUP-91080,14124.5,8825.66,2023-12-31,cheque,دفعة المورد 3
38,PROJ-1750,SUP-1154,SUP-96956,10394.53,5605.19,2024-05-19,cash,دفعة المورد 4
39,PROJ-1750,SUP-7640,SUP-51342,43160.48,29590.75,2024-05-19,bank_transfer,دفعة المورد 5
40,PROJ-1750,SUP-7525,SUP-76995,13229.23,11669.92,2023-10-14,credit,دفعة المورد 6
41,PROJ-1750,SUP-1697,SUP-78909,38757.62,21864.07,2024-03-09,credit,دفعة المورد 7
42,PROJ-1750,SUP-7640,SUP-99959,27611.38,19241.23,2023-06-28,credit,دفعة المورد 8
43,PROJ-1750,SUP-1154,SUP-11103,36421.01,26588.62,2023-01-13,cheque,دفعة المورد 9
44,PROJ-1750,SUP-6152,SUP-90318,31145.37,20640.6,2023-09-23,cheque,دفعة المورد 10
45,PROJ-7065,SUP-1697,SUP-54970,17123.37,16768.29,2024-01-10,cheque,دفعة المورد 1
46,PROJ-7065,SUP-7525,SUP-58799,24077.43,17084.06,2024-01-09,credit,دفعة المورد 2
47,PROJ-7065,SUP-8790,SUP-85483,25282.8,19864.82,2024-12-03,cheque,دفعة المورد 3
48,PROJ-7065,SUP-1154,SUP-82789,37436.7,33769.54,2024-03-18,credit,دفعة المورد 4
49,PROJ-7065,SUP-1697,SUP-29601,11562.97,11326.78,2024-04-29,cash,دفعة المورد 5
50,PROJ-7065,SUP-6427,SUP-92660,23968.43,13595.75,2024-06-13,bank_transfer,دفعة المورد 6
51,PROJ-7065,SUP-7525,SUP-84427,18501.54,14450.98,2023-02-18,credit,دفعة المورد 7
52,PROJ-8573,SUP-6427,SUP-72460,7701.64,6984.68,2024-10-06,cash,دفعة المورد 1
53,PROJ-8573,SUP-7525,SUP-57226,38506.69,24254.77,2024-07-27,bank_transfer,دفعة المورد 2
54,PROJ-8573,SUP-5593,SUP-99074,5892.59,3303.5,2024-09-12,cheque,دفعة المورد 3
55,PROJ-8573,SUP-6427,SUP-52610,49071.79,31519.03,2024-11-20,credit,دفعة المورد 4
56,PROJ-7572,SUP-1154,SUP-92799,22148.19,14247.09,2023-05-29,cheque,دفعة المورد 1
57,PROJ-7572,SUP-5593,SUP-63054,23981.74,19333.0,2023-03-15,cash,دفعة المورد 2
58,PROJ-7572,SUP-6427,SUP-95591,20463.15,13438.99,2023-10-26,bank_transfer,دفعة المورد 3
59,PROJ-7572,SUP-6152,SUP-57600,17206.16,12430.58,2024-08-24,credit,دفعة المورد 4
60,PROJ-7572,SUP-6152,SUP-26389,12529.31,11616.0,2023-08-29,bank_transfer,دفعة المورد 5
61,PROJ-7572,SUP-1154,SUP-22524,14475.72,10111.62,2023-03-07,credit,دفعة المورد 6
62,PROJ-7572,SUP-7640,SUP-20911,6186.42,4321.25,2023-04-17,bank_transfer,دفعة المورد 7
63,PROJ-7572,SUP-6427,SUP-61097,8794.01,8493.21,2023-11-13,cheque,دفعة المورد 8
64,PROJ-7572,SUP-1697,SUP-26569,38191.7,27558.37,2023-05-15,cheque,دفعة المورد 9
65,PROJ-7572,SUP-7640,SUP-52624,6581.97,4465.35,2024-05-02,credit,دفعة المورد 10
66,PROJ-5339,SUP-7525,SUP-80685,11080.17,10794.78,2023-07-01,credit,دفعة المورد 1
67,PROJ-5339,SUP-6152,SUP-50587,28555.69,23408.93,2023-12-22,credit,دفعة المورد 2
68,PROJ-5339,SUP-1697,SUP-57943,41211.85,29710.86,2024-02-27,bank_transfer,دفعة المورد 3
69,PROJ-5339,SUP-6427,SUP-27865,18660.78,9331.25,2023-12-19,bank_transfer,دفعة المورد 4
70,PROJ-5339,SUP-7525,SUP-74478,29079.45,24539.71,2024-05-03,bank_transfer,دفعة المورد 5
71,PROJ-5339,SUP-7640,SUP-88250,39464.11,35477.54,2023-08-25,cash,دفعة المورد 6
72,PROJ-5339,SUP-5593,SUP-67292,13485.69,12691.13,2024-02-09,cheque,دفعة المورد 7
73,PROJ-9348,SUP-6152,SUP-20382,42279.21,25802.84,2024-03-08,cheque,دفعة المورد 1
74,PROJ-9348,SUP-8790,SUP-45235,17810.46,15521.16,2024-02-27,cheque,دفعة المورد 2
75,PROJ-9348,SUP-1154,SUP-93478,13208.32,8516.7,2024-04-11,credit,دفعة المورد 3
76,PROJ-9348,SUP-8790,SUP-52027,36521.27,27244.79,2023-01-20,cheque,دفعة المورد 4
77,PROJ-9348,SUP-7640,SUP-23405,48637.23,24856.81,2023-10-16,bank_transfer,دفعة المورد 5
78,PROJ-7252,SUP-7525,SUP-29750,37719.82,23250.69,2023-01-16,credit,دفعة المورد 1
79,PROJ-7252,SUP-1697,SUP-75325,20386.08,13368.95,2024-01-16,credit,دفعة المورد 2
80,PROJ-7252,SUP-7640,SUP-29148,19861.19,18307.51,2023-02-27,bank_transfer,دفعة المورد 3
81,PROJ-7252,SUP-6152,SUP-35191,8212.31,6036.65,2023-09-14,credit,دفعة المورد 4
82,PROJ-7252,SUP-7640,SUP-42631,10488.27,9272.39,2024-01-30,credit,دفعة المورد 5
83,PROJ-2827,SUP-7640,SUP-22315,13963.09,12115.24,2024-06-17,cheque,دفعة المورد 1
84,PROJ-2827,SUP-7525,SUP-52344,22510.53,22073.99,2023-06-12,cash,دفعة المورد 2
85,PROJ-2827,SUP-1154,SUP-36047,16399.07,13435.1,2024-01-05,cash,دفعة المورد 3
86,PROJ-2827,SUP-1697,SUP-66906,48797.33,30155.92,2023-11-29,cash,دفعة المورد 4
87,PROJ-2827,SUP-6427,SUP-61879,40747.57,32286.27,2023-09-06,cash,دفعة المورد 5
88,PROJ-2827,SUP-7640,SUP-88146,31148.47,26332.16,2023-06-08,bank_transfer,دفعة المورد 6
89,PROJ-2743,SUP-1697,SUP-91087,12096.43,6601.03,2023-12-13,cash,دفعة المورد 1
90,PROJ-2743,SUP-7640,SUP-80300,20998.3,12115.16,2023-04-20,cheque,دفعة المورد 2
91,PROJ-2743,SUP-7525,SUP-94495,15470.36,15328.62,2023-12-22,credit,دفعة المورد 3
92,PROJ-2743,SUP-1697,SUP-27659,5960.88,4106.36,2023-09-14,cash,دفعة المورد 4
93,PROJ-9005,SUP-7525,SUP-74237,30156.12,23261.43,2023-07-14,cheque,دفعة المورد 1
94,PROJ-9005,SUP-5593,SUP-88470,19565.64,14365.04,2024-07-21,cheque,دفعة المورد 2
95,PROJ-9005,SUP-1154,SUP-44517,28901.18,20944.46,2024-07-08,bank_transfer,دفعة المورد 3
96,PROJ-9005,SUP-7525,SUP-59681,5032.39,4121.59,2023-07-09,cash,دفعة المورد 4
97,PROJ-9005,SUP-5593,SUP-18302,39920.75,24726.64,2024-11-05,credit,دفعة المورد 5
98,PROJ-9005,SUP-1697,SUP-82281,28583.14,21402.33,2023-06-07,bank_transfer,دفعة المورد 6
99,PROJ-9005,SUP-5593,SUP-22616,23441.2,15494.92,2024-06-19,cash,دفعة المورد 7
100,PROJ-9005,SUP-7640,SUP-14099,42583.7,24054.98,2023-07-26,cash,دفعة المورد 8
101,PROJ-9005,SUP-7525,SUP-94115,13622.75,7028.09,2024-02-02,credit,دفعة المورد 9
102,PROJ-9005,SUP-8790,SUP-19289,7208.85,4400.01,2023-01-14,cheque,دفعة المورد 10
