project_id,project_name,project_type,client_name,client_contact,client_email,project_location,contract_value,start_date,expected_end_date,actual_end_date,project_status,project_manager,description
PROJ-5506,مشروع تجاري 1,commercial,وزارة الأشغال العامة,0523756669,client1@company.ae,الفجيرة - المنطقة السكنية,37163053.36,2023-04-25,2023-11-16,,cancelled,أحمد محمد,وصف المشروع 1
PROJ-1488,مشروع سكني 2,commercial,شركة أبوظبي الوطنية,0577827638,client2@company.ae,رأس الخيمة - المنطقة الجديدة,1813530.5,2024-03-08,2024-10-06,,active,عمر خالد,وصف المشروع 2
PROJ-8359,مشروع صناعي 3,residential,وزارة الأشغال العامة,0566722344,client3@company.ae,الشارقة - المنطقة الحرة,14254631.41,2024-03-05,2025-04-14,,active,فهد سعيد,وصف المشروع 3
PROJ-2519,مشروع بنية تحتية 4,residential,شركة دبي للاستثمار,0556164955,client4@company.ae,رأس الخيمة - المنطقة الجديدة,13593782.93,2023-12-11,2024-09-20,,planning,عمر خالد,وصف المشروع 4
PROJ-3045,مشروع بنية تحتية 5,residential,مجموعة الاتحاد العقارية,0594374605,client5@company.ae,رأس الخيمة - المنطقة الجديدة,44329861.52,2024-04-15,2026-04-14,,on_hold,يوسف أحمد,وصف المشروع 5
PROJ-1750,مشروع تجاري 6,industrial,بلدية دبي,0541244663,client6@company.ae,أم القيوين - المنطقة التجارية,5499570.76,2023-07-16,2024-03-23,,on_hold,سعيد حسن,وصف المشروع 6
PROJ-7065,مشروع صناعي 7,commercial,مجموعة الاتحاد العقارية,0596977837,client7@company.ae,دبي - منطقة البرشاء,30651984.78,2024-01-09,2024-12-20,,active,يوسف أحمد,وصف المشروع 7
PROJ-8573,مشروع بنية تحتية 8,industrial,شركة أبوظبي الوطنية,0553524491,client8@company.ae,أم القيوين - المنطقة التجارية,38531522.09,2023-09-08,2024-08-20,,planning,خالد عبدالله,وصف المشروع 8
PROJ-7572,مشروع صناعي 9,residential,شركة أبوظبي الوطنية,0586125617,client9@company.ae,الفجيرة - المنطقة السكنية,16076555.1,2023-02-02,2024-06-19,,completed,سعيد حسن,وصف المشروع 9
PROJ-5339,مشروع تجاري 10,commercial,مجموعة الاتحاد العقارية,0588461803,client10@company.ae,عجمان - المنطقة الصناعية,44942232.74,2024-04-14,2025-03-06,,completed,محمد علي,وصف المشروع 10
PROJ-9348,مشروع بنية تحتية 11,residential,شركة الإمارات للتطوير العقاري,0524716857,client11@company.ae,أبوظبي - جزيرة ياس,31558579.06,2023-08-13,2024-06-29,,completed,يوسف أحمد,وصف المشروع 11
PROJ-7252,مشروع بنية تحتية 12,government,مجموعة الاتحاد العقارية,0584252722,client12@company.ae,أم القيوين - المنطقة التجارية,47150327.64,2023-03-07,2024-10-01,,planning,عمر خالد,وصف المشروع 12
PROJ-2827,مشروع صناعي 13,infrastructure,وزارة الأشغال العامة,0570897765,client13@company.ae,دبي - منطقة البرشاء,47713888.41,2023-10-01,2025-03-12,,on_hold,يوسف أحمد,وصف المشروع 13
PROJ-2743,مشروع صناعي 14,government,شركة أبوظبي الوطنية,0530513739,client14@company.ae,الشارقة - المنطقة الحرة,38244284.6,2023-07-02,2025-05-31,,cancelled,فهد سعيد,وصف المشروع 14
PROJ-9005,مشروع سكني 15,residential,شركة دبي للاستثمار,0551273847,client15@company.ae,أبوظبي - جزيرة ياس,3367295.74,2023-01-01,2024-05-26,,cancelled,أحمد محمد,وصف المشروع 15
