cost_id,project_id,cost_category,cost_type,description,amount,cost_date,vendor_name,invoice_number,payment_status,notes
1,PROJ-5506,subcontractor,direct,تكلفة other - 1,36484.01,2023-08-31,مؤسسة عجمان للسباكة,INV-55332,pending,ملاحظات التكلفة 1
2,PROJ-5506,subcontractor,direct,تكلفة materials - 2,17689.04,2023-11-07,مؤسسة الخليج للمقاولات,INV-90460,partial,ملاحظات التكلفة 2
3,PROJ-5506,equipment,direct,تكلفة other - 3,14393.02,2023-08-18,شركة رأس الخيمة للنجارة,INV-74304,pending,ملاحظات التكلفة 3
4,PROJ-5506,overhead,indirect,تكلفة subcontractor - 4,10101.15,2023-09-21,مؤسسة عجمان للسباكة,INV-96595,paid,ملاحظات التكلفة 4
5,PROJ-5506,overhead,indirect,تكلفة labor - 5,35942.32,2023-05-16,مؤسسة الخليج للمقاولات,INV-45123,pending,ملاحظات التكلفة 5
6,PROJ-5506,other,direct,تكلفة other - 6,20091.48,2023-07-26,شركة رأس الخيمة للنجارة,INV-23965,pending,ملاحظات التكلفة 6
7,PROJ-5506,equipment,indirect,تكلفة equipment - 7,38305.98,2023-05-21,شركة الإمارات للمواد البناء,INV-27367,pending,ملاحظات التكلفة 7
8,PROJ-5506,subcontractor,indirect,تكلفة overhead - 8,28182.26,2023-08-07,شركة دبي للخرسانة الجاهزة,INV-23538,pending,ملاحظات التكلفة 8
9,PROJ-5506,equipment,direct,تكلفة overhead - 9,30304.15,2023-07-17,مؤسسة الخليج للمقاولات,INV-60493,pending,ملاحظات التكلفة 9
10,PROJ-5506,subcontractor,indirect,تكلفة materials - 10,36517.35,2023-09-15,شركة الشارقة للكهرباء,INV-41816,partial,ملاحظات التكلفة 10
11,PROJ-5506,other,indirect,تكلفة labor - 11,7803.16,2023-07-11,شركة دبي للخرسانة الجاهزة,INV-45180,paid,ملاحظات التكلفة 11
12,PROJ-5506,materials,direct,تكلفة subcontractor - 12,14522.13,2023-07-10,شركة دبي للخرسانة الجاهزة,INV-73469,pending,ملاحظات التكلفة 12
13,PROJ-5506,equipment,direct,تكلفة other - 13,31626.65,2023-09-24,مؤسسة عجمان للسباكة,INV-90828,pending,ملاحظات التكلفة 13
14,PROJ-5506,materials,direct,تكلفة equipment - 14,1331.6,2023-08-04,مؤسسة الفجيرة للدهانات,INV-53544,partial,ملاحظات التكلفة 14
15,PROJ-5506,equipment,indirect,تكلفة equipment - 15,22100.19,2023-10-08,شركة رأس الخيمة للنجارة,INV-87908,pending,ملاحظات التكلفة 15
16,PROJ-5506,equipment,direct,تكلفة subcontractor - 16,16394.98,2023-08-04,شركة الشارقة للكهرباء,INV-51830,paid,ملاحظات التكلفة 16
17,PROJ-5506,overhead,direct,تكلفة equipment - 17,19426.71,2023-11-12,مؤسسة الفجيرة للدهانات,INV-61502,paid,ملاحظات التكلفة 17
18,PROJ-1488,overhead,direct,تكلفة other - 1,38613.28,2024-03-14,مؤسسة أبوظبي للحديد,INV-70505,partial,ملاحظات التكلفة 1
19,PROJ-1488,subcontractor,indirect,تكلفة other - 2,4388.77,2024-09-27,مؤسسة أبوظبي للحديد,INV-63627,partial,ملاحظات التكلفة 2
20,PROJ-1488,labor,indirect,تكلفة labor - 3,13381.4,2024-04-16,مؤسسة الفجيرة للدهانات,INV-65460,paid,ملاحظات التكلفة 3
21,PROJ-1488,subcontractor,indirect,تكلفة overhead - 4,20639.45,2024-07-15,مؤسسة الخليج للمقاولات,INV-64827,partial,ملاحظات التكلفة 4
22,PROJ-1488,equipment,direct,تكلفة materials - 5,38678.75,2024-08-23,شركة الإمارات للمواد البناء,INV-97122,paid,ملاحظات التكلفة 5
23,PROJ-1488,other,direct,تكلفة overhead - 6,49196.8,2024-08-28,شركة دبي للخرسانة الجاهزة,INV-94769,paid,ملاحظات التكلفة 6
24,PROJ-1488,subcontractor,direct,تكلفة materials - 7,5831.72,2024-05-03,مؤسسة عجمان للسباكة,INV-76935,partial,ملاحظات التكلفة 7
25,PROJ-1488,subcontractor,indirect,تكلفة subcontractor - 8,23690.1,2024-08-28,مؤسسة أبوظبي للحديد,INV-87147,partial,ملاحظات التكلفة 8
26,PROJ-8359,materials,indirect,تكلفة materials - 1,15476.18,2024-04-17,مؤسسة عجمان للسباكة,INV-25213,partial,ملاحظات التكلفة 1
27,PROJ-8359,equipment,indirect,تكلفة equipment - 2,23311.3,2024-06-18,شركة دبي للخرسانة الجاهزة,INV-78303,paid,ملاحظات التكلفة 2
28,PROJ-8359,subcontractor,direct,تكلفة subcontractor - 3,36377.7,2024-10-22,مؤسسة عجمان للسباكة,INV-51800,pending,ملاحظات التكلفة 3
29,PROJ-8359,materials,direct,تكلفة materials - 4,42609.82,2025-01-30,شركة الشارقة للكهرباء,INV-24334,partial,ملاحظات التكلفة 4
30,PROJ-8359,other,direct,تكلفة overhead - 5,9548.21,2024-05-25,شركة دبي للخرسانة الجاهزة,INV-53383,partial,ملاحظات التكلفة 5
31,PROJ-8359,subcontractor,direct,تكلفة subcontractor - 6,31858.26,2024-06-08,شركة رأس الخيمة للنجارة,INV-93948,partial,ملاحظات التكلفة 6
32,PROJ-8359,subcontractor,direct,تكلفة other - 7,31091.24,2024-06-14,شركة رأس الخيمة للنجارة,INV-68926,partial,ملاحظات التكلفة 7
33,PROJ-8359,subcontractor,direct,تكلفة other - 8,11525.01,2024-07-25,شركة رأس الخيمة للنجارة,INV-18200,partial,ملاحظات التكلفة 8
34,PROJ-8359,overhead,direct,تكلفة equipment - 9,16973.26,2024-10-25,مؤسسة الخليج للمقاولات,INV-24936,paid,ملاحظات التكلفة 9
35,PROJ-2519,overhead,indirect,تكلفة overhead - 1,20234.66,2024-02-07,مؤسسة عجمان للسباكة,INV-55603,paid,ملاحظات التكلفة 1
36,PROJ-2519,overhead,direct,تكلفة other - 2,35593.43,2024-05-11,مؤسسة الفجيرة للدهانات,INV-90541,partial,ملاحظات التكلفة 2
37,PROJ-2519,other,direct,تكلفة equipment - 3,6775.22,2024-05-15,مؤسسة الخليج للمقاولات,INV-25328,pending,ملاحظات التكلفة 3
38,PROJ-2519,other,direct,تكلفة overhead - 4,20034.7,2024-02-19,مؤسسة عجمان للسباكة,INV-85340,paid,ملاحظات التكلفة 4
39,PROJ-2519,labor,indirect,تكلفة other - 5,27331.58,2024-03-08,شركة رأس الخيمة للنجارة,INV-82733,pending,ملاحظات التكلفة 5
40,PROJ-2519,equipment,direct,تكلفة labor - 6,16414.42,2024-07-28,مؤسسة الفجيرة للدهانات,INV-91187,pending,ملاحظات التكلفة 6
41,PROJ-2519,materials,indirect,تكلفة labor - 7,10561.3,2024-06-24,مؤسسة عجمان للسباكة,INV-83607,partial,ملاحظات التكلفة 7
42,PROJ-2519,subcontractor,indirect,تكلفة subcontractor - 8,35796.98,2024-07-25,مؤسسة الفجيرة للدهانات,INV-74054,pending,ملاحظات التكلفة 8
43,PROJ-2519,overhead,direct,تكلفة labor - 9,15312.41,2024-04-29,مؤسسة الخليج للمقاولات,INV-39470,partial,ملاحظات التكلفة 9
44,PROJ-2519,labor,indirect,تكلفة overhead - 10,37383.39,2024-08-20,شركة الشارقة للكهرباء,INV-82053,partial,ملاحظات التكلفة 10
45,PROJ-2519,overhead,direct,تكلفة equipment - 11,38980.54,2024-06-15,مؤسسة الخليج للمقاولات,INV-81046,pending,ملاحظات التكلفة 11
46,PROJ-2519,overhead,direct,تكلفة subcontractor - 12,6018.41,2024-04-15,مؤسسة الفجيرة للدهانات,INV-49021,pending,ملاحظات التكلفة 12
47,PROJ-2519,equipment,indirect,تكلفة materials - 13,22514.43,2024-02-09,مؤسسة الفجيرة للدهانات,INV-41056,pending,ملاحظات التكلفة 13
48,PROJ-2519,other,indirect,تكلفة labor - 14,31191.41,2024-03-25,مؤسسة عجمان للسباكة,INV-37124,pending,ملاحظات التكلفة 14
49,PROJ-2519,overhead,indirect,تكلفة overhead - 15,27399.66,2024-05-24,مؤسسة عجمان للسباكة,INV-48356,paid,ملاحظات التكلفة 15
50,PROJ-2519,overhead,direct,تكلفة labor - 16,48175.83,2024-07-08,شركة الشارقة للكهرباء,INV-17770,paid,ملاحظات التكلفة 16
51,PROJ-2519,other,direct,تكلفة labor - 17,8165.93,2024-05-23,شركة دبي للخرسانة الجاهزة,INV-42447,partial,ملاحظات التكلفة 17
52,PROJ-2519,subcontractor,direct,تكلفة overhead - 18,31987.7,2024-07-10,شركة رأس الخيمة للنجارة,INV-59174,paid,ملاحظات التكلفة 18
53,PROJ-2519,other,direct,تكلفة subcontractor - 19,26265.06,2024-05-01,مؤسسة الخليج للمقاولات,INV-58374,paid,ملاحظات التكلفة 19
54,PROJ-2519,equipment,direct,تكلفة other - 20,5563.94,2024-08-01,مؤسسة الفجيرة للدهانات,INV-93209,partial,ملاحظات التكلفة 20
55,PROJ-3045,overhead,indirect,تكلفة labor - 1,48438.3,2024-11-17,مؤسسة الخليج للمقاولات,INV-74843,paid,ملاحظات التكلفة 1
56,PROJ-3045,equipment,indirect,تكلفة overhead - 2,29318.75,2025-11-15,مؤسسة عجمان للسباكة,INV-73614,paid,ملاحظات التكلفة 2
57,PROJ-3045,materials,direct,تكلفة other - 3,39410.6,2025-07-29,شركة الإمارات للمواد البناء,INV-12134,pending,ملاحظات التكلفة 3
58,PROJ-3045,subcontractor,indirect,تكلفة materials - 4,49600.07,2025-06-27,شركة دبي للخرسانة الجاهزة,INV-36518,partial,ملاحظات التكلفة 4
59,PROJ-3045,other,indirect,تكلفة labor - 5,43846.75,2025-01-20,شركة دبي للخرسانة الجاهزة,INV-22234,partial,ملاحظات التكلفة 5
60,PROJ-3045,equipment,direct,تكلفة equipment - 6,33560.93,2026-02-08,مؤسسة عجمان للسباكة,INV-31695,pending,ملاحظات التكلفة 6
61,PROJ-3045,other,indirect,تكلفة other - 7,35272.63,2024-12-10,شركة رأس الخيمة للنجارة,INV-66260,partial,ملاحظات التكلفة 7
62,PROJ-3045,other,direct,تكلفة materials - 8,11457.64,2024-07-03,مؤسسة الخليج للمقاولات,INV-27393,partial,ملاحظات التكلفة 8
63,PROJ-3045,overhead,indirect,تكلفة materials - 9,1395.07,2025-04-01,مؤسسة أبوظبي للحديد,INV-25806,paid,ملاحظات التكلفة 9
64,PROJ-3045,subcontractor,direct,تكلفة labor - 10,19770.43,2024-07-28,شركة دبي للخرسانة الجاهزة,INV-23526,paid,ملاحظات التكلفة 10
65,PROJ-3045,equipment,direct,تكلفة subcontractor - 11,38899.56,2024-08-29,مؤسسة عجمان للسباكة,INV-94092,partial,ملاحظات التكلفة 11
66,PROJ-3045,materials,direct,تكلفة overhead - 12,32850.99,2025-07-09,شركة دبي للخرسانة الجاهزة,INV-56030,partial,ملاحظات التكلفة 12
67,PROJ-3045,other,direct,تكلفة subcontractor - 13,31187.72,2025-07-12,مؤسسة أبوظبي للحديد,INV-38474,pending,ملاحظات التكلفة 13
68,PROJ-3045,labor,direct,تكلفة overhead - 14,36770.45,2025-04-09,مؤسسة الخليج للمقاولات,INV-66280,paid,ملاحظات التكلفة 14
69,PROJ-3045,labor,indirect,تكلفة other - 15,5128.19,2025-11-02,شركة دبي للخرسانة الجاهزة,INV-88774,partial,ملاحظات التكلفة 15
70,PROJ-3045,other,direct,تكلفة other - 16,43915.53,2024-11-11,شركة الشارقة للكهرباء,INV-77862,partial,ملاحظات التكلفة 16
71,PROJ-1750,equipment,direct,تكلفة labor - 1,25249.5,2023-08-13,شركة رأس الخيمة للنجارة,INV-41599,paid,ملاحظات التكلفة 1
72,PROJ-1750,overhead,direct,تكلفة equipment - 2,46762.3,2023-08-18,مؤسسة الخليج للمقاولات,INV-60703,partial,ملاحظات التكلفة 2
73,PROJ-1750,equipment,direct,تكلفة subcontractor - 3,47768.2,2024-01-29,شركة رأس الخيمة للنجارة,INV-19567,pending,ملاحظات التكلفة 3
74,PROJ-1750,materials,indirect,تكلفة labor - 4,2951.52,2023-07-31,مؤسسة الخليج للمقاولات,INV-62163,partial,ملاحظات التكلفة 4
75,PROJ-1750,other,indirect,تكلفة subcontractor - 5,35388.72,2023-08-06,شركة الشارقة للكهرباء,INV-93956,partial,ملاحظات التكلفة 5
76,PROJ-1750,equipment,direct,تكلفة equipment - 6,4872.06,2024-03-07,شركة دبي للخرسانة الجاهزة,INV-36633,pending,ملاحظات التكلفة 6
77,PROJ-1750,subcontractor,direct,تكلفة equipment - 7,35235.12,2024-01-18,مؤسسة عجمان للسباكة,INV-41278,pending,ملاحظات التكلفة 7
78,PROJ-1750,materials,indirect,تكلفة materials - 8,23215.22,2023-12-18,مؤسسة أبوظبي للحديد,INV-17212,paid,ملاحظات التكلفة 8
79,PROJ-1750,materials,direct,تكلفة other - 9,7723.38,2023-07-18,شركة دبي للخرسانة الجاهزة,INV-31473,paid,ملاحظات التكلفة 9
80,PROJ-1750,overhead,indirect,تكلفة labor - 10,19221.6,2024-01-23,مؤسسة عجمان للسباكة,INV-45227,partial,ملاحظات التكلفة 10
81,PROJ-1750,materials,indirect,تكلفة subcontractor - 11,14327.05,2023-08-01,مؤسسة الخليج للمقاولات,INV-44465,partial,ملاحظات التكلفة 11
82,PROJ-7065,subcontractor,indirect,تكلفة materials - 1,25480.89,2024-10-25,مؤسسة الفجيرة للدهانات,INV-31873,paid,ملاحظات التكلفة 1
83,PROJ-7065,equipment,direct,تكلفة overhead - 2,34031.9,2024-03-08,شركة دبي للخرسانة الجاهزة,INV-39937,partial,ملاحظات التكلفة 2
84,PROJ-7065,materials,direct,تكلفة labor - 3,3253.09,2024-07-13,شركة الإمارات للمواد البناء,INV-60197,pending,ملاحظات التكلفة 3
85,PROJ-7065,materials,indirect,تكلفة labor - 4,16768.3,2024-08-09,شركة دبي للخرسانة الجاهزة,INV-51934,paid,ملاحظات التكلفة 4
86,PROJ-7065,overhead,indirect,تكلفة materials - 5,25600.01,2024-02-04,مؤسسة الخليج للمقاولات,INV-33507,pending,ملاحظات التكلفة 5
87,PROJ-7065,subcontractor,direct,تكلفة subcontractor - 6,43435.58,2024-06-16,شركة الإمارات للمواد البناء,INV-52899,pending,ملاحظات التكلفة 6
88,PROJ-7065,materials,indirect,تكلفة labor - 7,15288.16,2024-06-12,مؤسسة الفجيرة للدهانات,INV-91620,pending,ملاحظات التكلفة 7
89,PROJ-8573,overhead,indirect,تكلفة labor - 1,36890.7,2024-06-13,مؤسسة عجمان للسباكة,INV-42129,pending,ملاحظات التكلفة 1
90,PROJ-8573,subcontractor,direct,تكلفة labor - 2,27535.71,2024-07-29,شركة الإمارات للمواد البناء,INV-11257,paid,ملاحظات التكلفة 2
91,PROJ-8573,other,indirect,تكلفة other - 3,36633.54,2023-10-31,شركة الإمارات للمواد البناء,INV-36895,partial,ملاحظات التكلفة 3
92,PROJ-8573,subcontractor,indirect,تكلفة materials - 4,48655.4,2023-11-19,مؤسسة أبوظبي للحديد,INV-46677,pending,ملاحظات التكلفة 4
93,PROJ-8573,labor,indirect,تكلفة other - 5,44883.32,2024-04-29,شركة الإمارات للمواد البناء,INV-21128,partial,ملاحظات التكلفة 5
94,PROJ-8573,overhead,direct,تكلفة other - 6,41178.18,2023-10-16,مؤسسة الخليج للمقاولات,INV-87580,partial,ملاحظات التكلفة 6
95,PROJ-8573,subcontractor,direct,تكلفة labor - 7,15292.13,2024-02-16,شركة الإمارات للمواد البناء,INV-61505,partial,ملاحظات التكلفة 7
96,PROJ-8573,equipment,indirect,تكلفة equipment - 8,12446.95,2023-12-20,مؤسسة عجمان للسباكة,INV-27840,partial,ملاحظات التكلفة 8
97,PROJ-8573,labor,direct,تكلفة labor - 9,23028.77,2024-02-15,مؤسسة الخليج للمقاولات,INV-63282,pending,ملاحظات التكلفة 9
98,PROJ-8573,labor,indirect,تكلفة equipment - 10,23703.98,2023-11-08,مؤسسة عجمان للسباكة,INV-21851,pending,ملاحظات التكلفة 10
99,PROJ-8573,other,direct,تكلفة labor - 11,41960.31,2024-02-22,شركة الشارقة للكهرباء,INV-29441,pending,ملاحظات التكلفة 11
100,PROJ-8573,equipment,indirect,تكلفة overhead - 12,3398.58,2024-02-08,مؤسسة أبوظبي للحديد,INV-44100,pending,ملاحظات التكلفة 12
101,PROJ-8573,subcontractor,indirect,تكلفة overhead - 13,37655.84,2024-01-13,شركة الإمارات للمواد البناء,INV-22415,paid,ملاحظات التكلفة 13
102,PROJ-8573,labor,direct,تكلفة materials - 14,4021.79,2023-12-30,مؤسسة الخليج للمقاولات,INV-27133,pending,ملاحظات التكلفة 14
103,PROJ-8573,equipment,direct,تكلفة overhead - 15,29719.82,2023-10-16,شركة رأس الخيمة للنجارة,INV-12857,pending,ملاحظات التكلفة 15
104,PROJ-8573,other,indirect,تكلفة labor - 16,5506.95,2024-02-24,مؤسسة أبوظبي للحديد,INV-26059,pending,ملاحظات التكلفة 16
105,PROJ-8573,materials,direct,تكلفة overhead - 17,22224.66,2024-03-28,مؤسسة الفجيرة للدهانات,INV-75028,pending,ملاحظات التكلفة 17
106,PROJ-8573,other,indirect,تكلفة labor - 18,18343.22,2023-12-12,شركة رأس الخيمة للنجارة,INV-46042,paid,ملاحظات التكلفة 18
107,PROJ-8573,labor,direct,تكلفة overhead - 19,31339.65,2024-01-11,مؤسسة الفجيرة للدهانات,INV-94840,paid,ملاحظات التكلفة 19
108,PROJ-7572,overhead,indirect,تكلفة materials - 1,5298.36,2023-08-17,شركة رأس الخيمة للنجارة,INV-27987,paid,ملاحظات التكلفة 1
109,PROJ-7572,other,direct,تكلفة other - 2,49710.28,2023-11-07,مؤسسة أبوظبي للحديد,INV-12559,paid,ملاحظات التكلفة 2
110,PROJ-7572,subcontractor,indirect,تكلفة equipment - 3,45721.17,2023-10-17,مؤسسة عجمان للسباكة,INV-52153,paid,ملاحظات التكلفة 3
111,PROJ-7572,labor,direct,تكلفة equipment - 4,30258.7,2023-02-17,شركة الشارقة للكهرباء,INV-46822,pending,ملاحظات التكلفة 4
112,PROJ-7572,overhead,indirect,تكلفة overhead - 5,49980.68,2024-06-14,مؤسسة الفجيرة للدهانات,INV-30922,pending,ملاحظات التكلفة 5
113,PROJ-7572,other,direct,تكلفة equipment - 6,27150.79,2024-03-13,مؤسسة أبوظبي للحديد,INV-17328,pending,ملاحظات التكلفة 6
114,PROJ-7572,equipment,direct,تكلفة labor - 7,12591.01,2023-07-14,شركة رأس الخيمة للنجارة,INV-57026,partial,ملاحظات التكلفة 7
115,PROJ-7572,other,indirect,تكلفة overhead - 8,28616.72,2023-11-17,شركة الإمارات للمواد البناء,INV-34672,paid,ملاحظات التكلفة 8
116,PROJ-7572,labor,indirect,تكلفة materials - 9,5422.61,2023-06-01,شركة الشارقة للكهرباء,INV-88861,pending,ملاحظات التكلفة 9
117,PROJ-7572,overhead,indirect,تكلفة materials - 10,17254.97,2023-12-13,شركة الإمارات للمواد البناء,INV-36406,pending,ملاحظات التكلفة 10
118,PROJ-7572,other,direct,تكلفة equipment - 11,3918.24,2023-04-18,مؤسسة عجمان للسباكة,INV-86888,partial,ملاحظات التكلفة 11
119,PROJ-7572,materials,indirect,تكلفة materials - 12,19305.95,2024-05-29,شركة دبي للخرسانة الجاهزة,INV-96787,paid,ملاحظات التكلفة 12
120,PROJ-7572,equipment,indirect,تكلفة equipment - 13,7686.13,2023-04-23,مؤسسة الخليج للمقاولات,INV-67261,partial,ملاحظات التكلفة 13
121,PROJ-7572,other,indirect,تكلفة labor - 14,35651.96,2023-11-16,مؤسسة الفجيرة للدهانات,INV-90440,paid,ملاحظات التكلفة 14
122,PROJ-7572,other,direct,تكلفة subcontractor - 15,16034.34,2024-01-20,مؤسسة أبوظبي للحديد,INV-48602,pending,ملاحظات التكلفة 15
123,PROJ-7572,other,direct,تكلفة other - 16,47486.21,2023-08-21,شركة دبي للخرسانة الجاهزة,INV-84381,pending,ملاحظات التكلفة 16
124,PROJ-7572,overhead,indirect,تكلفة overhead - 17,11823.87,2023-11-18,شركة دبي للخرسانة الجاهزة,INV-23645,paid,ملاحظات التكلفة 17
125,PROJ-7572,equipment,direct,تكلفة labor - 18,17993.7,2023-07-15,شركة دبي للخرسانة الجاهزة,INV-32005,partial,ملاحظات التكلفة 18
126,PROJ-7572,other,indirect,تكلفة subcontractor - 19,1558.39,2023-05-20,مؤسسة الخليج للمقاولات,INV-42707,partial,ملاحظات التكلفة 19
127,PROJ-7572,equipment,indirect,تكلفة materials - 20,36300.27,2023-02-26,مؤسسة الخليج للمقاولات,INV-60585,paid,ملاحظات التكلفة 20
128,PROJ-5339,subcontractor,indirect,تكلفة subcontractor - 1,18210.33,2024-10-23,شركة دبي للخرسانة الجاهزة,INV-23294,paid,ملاحظات التكلفة 1
129,PROJ-5339,labor,indirect,تكلفة materials - 2,40160.53,2024-05-01,مؤسسة أبوظبي للحديد,INV-48654,pending,ملاحظات التكلفة 2
130,PROJ-5339,equipment,direct,تكلفة materials - 3,17748.6,2024-10-23,مؤسسة عجمان للسباكة,INV-31090,partial,ملاحظات التكلفة 3
131,PROJ-5339,overhead,direct,تكلفة equipment - 4,30107.5,2025-02-22,مؤسسة الخليج للمقاولات,INV-73273,partial,ملاحظات التكلفة 4
132,PROJ-5339,subcontractor,direct,تكلفة overhead - 5,44597.91,2024-07-03,شركة الإمارات للمواد البناء,INV-17019,pending,ملاحظات التكلفة 5
133,PROJ-5339,labor,direct,تكلفة subcontractor - 6,35162.64,2025-01-15,مؤسسة عجمان للسباكة,INV-44768,partial,ملاحظات التكلفة 6
134,PROJ-5339,equipment,direct,تكلفة materials - 7,3432.14,2025-01-31,شركة الشارقة للكهرباء,INV-82045,paid,ملاحظات التكلفة 7
135,PROJ-5339,materials,indirect,تكلفة materials - 8,21952.69,2024-09-11,شركة دبي للخرسانة الجاهزة,INV-96772,partial,ملاحظات التكلفة 8
136,PROJ-5339,labor,direct,تكلفة materials - 9,11140.7,2025-03-06,مؤسسة الفجيرة للدهانات,INV-48248,pending,ملاحظات التكلفة 9
137,PROJ-5339,materials,indirect,تكلفة subcontractor - 10,24076.28,2024-08-27,مؤسسة الفجيرة للدهانات,INV-21945,partial,ملاحظات التكلفة 10
138,PROJ-5339,labor,indirect,تكلفة subcontractor - 11,19100.68,2024-11-28,شركة رأس الخيمة للنجارة,INV-15848,paid,ملاحظات التكلفة 11
139,PROJ-5339,subcontractor,indirect,تكلفة labor - 12,42016.86,2025-01-27,مؤسسة الفجيرة للدهانات,INV-18079,pending,ملاحظات التكلفة 12
140,PROJ-5339,materials,indirect,تكلفة overhead - 13,21285.35,2025-02-09,مؤسسة الخليج للمقاولات,INV-39820,partial,ملاحظات التكلفة 13
141,PROJ-5339,subcontractor,indirect,تكلفة overhead - 14,34666.33,2024-12-13,شركة الإمارات للمواد البناء,INV-85066,pending,ملاحظات التكلفة 14
142,PROJ-5339,equipment,direct,تكلفة subcontractor - 15,45236.08,2024-05-01,مؤسسة الفجيرة للدهانات,INV-75811,partial,ملاحظات التكلفة 15
143,PROJ-5339,materials,indirect,تكلفة labor - 16,47504.01,2024-07-08,شركة دبي للخرسانة الجاهزة,INV-37772,pending,ملاحظات التكلفة 16
144,PROJ-5339,materials,indirect,تكلفة materials - 17,49425.72,2024-11-22,شركة دبي للخرسانة الجاهزة,INV-36465,partial,ملاحظات التكلفة 17
145,PROJ-5339,overhead,indirect,تكلفة equipment - 18,45629.42,2024-05-18,شركة دبي للخرسانة الجاهزة,INV-21406,paid,ملاحظات التكلفة 18
146,PROJ-9348,equipment,indirect,تكلفة materials - 1,39540.98,2024-06-27,مؤسسة عجمان للسباكة,INV-87014,partial,ملاحظات التكلفة 1
147,PROJ-9348,materials,indirect,تكلفة labor - 2,8261.79,2024-06-09,شركة رأس الخيمة للنجارة,INV-86372,pending,ملاحظات التكلفة 2
148,PROJ-9348,overhead,direct,تكلفة equipment - 3,43506.29,2024-02-05,مؤسسة الخليج للمقاولات,INV-63856,paid,ملاحظات التكلفة 3
149,PROJ-9348,other,indirect,تكلفة overhead - 4,30839.15,2023-09-01,شركة رأس الخيمة للنجارة,INV-32570,paid,ملاحظات التكلفة 4
150,PROJ-9348,labor,indirect,تكلفة materials - 5,20393.84,2024-01-29,شركة رأس الخيمة للنجارة,INV-41139,pending,ملاحظات التكلفة 5
151,PROJ-9348,equipment,indirect,تكلفة materials - 6,17555.44,2024-01-15,مؤسسة الفجيرة للدهانات,INV-50756,paid,ملاحظات التكلفة 6
152,PROJ-9348,other,direct,تكلفة labor - 7,7584.89,2024-03-26,مؤسسة الفجيرة للدهانات,INV-52056,paid,ملاحظات التكلفة 7
153,PROJ-9348,overhead,direct,تكلفة labor - 8,22644.11,2024-03-08,شركة رأس الخيمة للنجارة,INV-73499,partial,ملاحظات التكلفة 8
154,PROJ-9348,materials,direct,تكلفة materials - 9,16245.03,2024-04-28,مؤسسة عجمان للسباكة,INV-62872,pending,ملاحظات التكلفة 9
155,PROJ-9348,labor,direct,تكلفة labor - 10,42011.86,2023-12-18,شركة الإمارات للمواد البناء,INV-14334,paid,ملاحظات التكلفة 10
156,PROJ-9348,equipment,direct,تكلفة equipment - 11,19049.24,2024-04-06,شركة الإمارات للمواد البناء,INV-76207,paid,ملاحظات التكلفة 11
157,PROJ-9348,other,direct,تكلفة labor - 12,19250.87,2024-06-12,مؤسسة الخليج للمقاولات,INV-68471,pending,ملاحظات التكلفة 12
158,PROJ-9348,overhead,indirect,تكلفة equipment - 13,9012.17,2023-12-23,مؤسسة الفجيرة للدهانات,INV-21847,paid,ملاحظات التكلفة 13
159,PROJ-9348,subcontractor,direct,تكلفة labor - 14,42837.25,2023-11-30,شركة الإمارات للمواد البناء,INV-39012,partial,ملاحظات التكلفة 14
160,PROJ-9348,other,direct,تكلفة equipment - 15,32927.78,2024-05-01,مؤسسة أبوظبي للحديد,INV-12628,partial,ملاحظات التكلفة 15
161,PROJ-9348,subcontractor,direct,تكلفة other - 16,9486.83,2023-08-17,شركة الإمارات للمواد البناء,INV-39329,paid,ملاحظات التكلفة 16
162,PROJ-9348,other,indirect,تكلفة subcontractor - 17,44878.67,2024-02-07,شركة الشارقة للكهرباء,INV-70161,paid,ملاحظات التكلفة 17
163,PROJ-7252,equipment,indirect,تكلفة overhead - 1,6013.29,2024-08-11,مؤسسة الفجيرة للدهانات,INV-96816,paid,ملاحظات التكلفة 1
164,PROJ-7252,equipment,direct,تكلفة subcontractor - 2,4128.02,2023-12-15,شركة الشارقة للكهرباء,INV-93964,paid,ملاحظات التكلفة 2
165,PROJ-7252,equipment,indirect,تكلفة labor - 3,8346.54,2023-11-08,شركة الشارقة للكهرباء,INV-17441,partial,ملاحظات التكلفة 3
166,PROJ-7252,other,indirect,تكلفة other - 4,7856.55,2023-04-02,شركة رأس الخيمة للنجارة,INV-95904,paid,ملاحظات التكلفة 4
167,PROJ-7252,equipment,indirect,تكلفة subcontractor - 5,20025.47,2023-04-12,شركة الشارقة للكهرباء,INV-86418,partial,ملاحظات التكلفة 5
168,PROJ-7252,equipment,direct,تكلفة other - 6,27197.12,2024-07-06,مؤسسة أبوظبي للحديد,INV-98063,paid,ملاحظات التكلفة 6
169,PROJ-7252,labor,direct,تكلفة equipment - 7,5782.55,2023-07-16,شركة الشارقة للكهرباء,INV-43902,partial,ملاحظات التكلفة 7
170,PROJ-7252,other,indirect,تكلفة other - 8,5375.69,2024-03-04,شركة دبي للخرسانة الجاهزة,INV-39272,partial,ملاحظات التكلفة 8
171,PROJ-7252,subcontractor,indirect,تكلفة equipment - 9,13767.4,2024-01-02,شركة الشارقة للكهرباء,INV-70786,pending,ملاحظات التكلفة 9
172,PROJ-7252,materials,direct,تكلفة subcontractor - 10,44581.88,2024-07-31,مؤسسة الفجيرة للدهانات,INV-25704,partial,ملاحظات التكلفة 10
173,PROJ-7252,overhead,indirect,تكلفة subcontractor - 11,3649.04,2023-08-08,شركة رأس الخيمة للنجارة,INV-28004,pending,ملاحظات التكلفة 11
174,PROJ-2827,overhead,indirect,تكلفة labor - 1,16502.79,2024-04-02,شركة رأس الخيمة للنجارة,INV-20592,paid,ملاحظات التكلفة 1
175,PROJ-2827,other,direct,تكلفة equipment - 2,32090.45,2023-10-05,مؤسسة عجمان للسباكة,INV-69251,paid,ملاحظات التكلفة 2
176,PROJ-2827,labor,direct,تكلفة subcontractor - 3,39475.33,2023-12-30,مؤسسة أبوظبي للحديد,INV-26961,partial,ملاحظات التكلفة 3
177,PROJ-2827,other,indirect,تكلفة subcontractor - 4,22022.25,2025-01-31,شركة رأس الخيمة للنجارة,INV-60242,pending,ملاحظات التكلفة 4
178,PROJ-2827,overhead,direct,تكلفة other - 5,19281.97,2023-10-15,شركة الإمارات للمواد البناء,INV-52233,partial,ملاحظات التكلفة 5
179,PROJ-2827,materials,direct,تكلفة other - 6,36946.56,2024-05-19,مؤسسة أبوظبي للحديد,INV-55134,paid,ملاحظات التكلفة 6
180,PROJ-2827,materials,indirect,تكلفة overhead - 7,29844.86,2024-03-20,شركة دبي للخرسانة الجاهزة,INV-18557,pending,ملاحظات التكلفة 7
181,PROJ-2827,equipment,indirect,تكلفة other - 8,26494.13,2024-09-10,شركة الشارقة للكهرباء,INV-66841,partial,ملاحظات التكلفة 8
182,PROJ-2827,equipment,indirect,تكلفة equipment - 9,37755.66,2024-03-17,شركة دبي للخرسانة الجاهزة,INV-62873,pending,ملاحظات التكلفة 9
183,PROJ-2827,labor,direct,تكلفة labor - 10,36969.75,2025-02-28,مؤسسة أبوظبي للحديد,INV-32149,pending,ملاحظات التكلفة 10
184,PROJ-2827,other,direct,تكلفة subcontractor - 11,43950.66,2024-06-18,مؤسسة عجمان للسباكة,INV-80088,partial,ملاحظات التكلفة 11
185,PROJ-2827,overhead,direct,تكلفة other - 12,6297.56,2023-10-21,شركة الإمارات للمواد البناء,INV-16322,partial,ملاحظات التكلفة 12
186,PROJ-2827,subcontractor,indirect,تكلفة subcontractor - 13,7056.16,2024-06-15,مؤسسة الخليج للمقاولات,INV-72180,partial,ملاحظات التكلفة 13
187,PROJ-2827,labor,direct,تكلفة equipment - 14,21622.7,2024-01-12,شركة دبي للخرسانة الجاهزة,INV-96832,partial,ملاحظات التكلفة 14
188,PROJ-2827,overhead,direct,تكلفة subcontractor - 15,41701.98,2024-01-16,شركة الشارقة للكهرباء,INV-77054,partial,ملاحظات التكلفة 15
189,PROJ-2743,materials,direct,تكلفة subcontractor - 1,10733.69,2024-01-22,شركة الشارقة للكهرباء,INV-44471,partial,ملاحظات التكلفة 1
190,PROJ-2743,equipment,indirect,تكلفة equipment - 2,8858.31,2025-01-13,مؤسسة أبوظبي للحديد,INV-75058,pending,ملاحظات التكلفة 2
191,PROJ-2743,equipment,direct,تكلفة materials - 3,1624.72,2023-10-01,مؤسسة الفجيرة للدهانات,INV-24474,partial,ملاحظات التكلفة 3
192,PROJ-2743,labor,direct,تكلفة overhead - 4,4677.36,2023-10-13,مؤسسة الفجيرة للدهانات,INV-43540,partial,ملاحظات التكلفة 4
193,PROJ-2743,subcontractor,indirect,تكلفة equipment - 5,23749.59,2023-10-12,مؤسسة أبوظبي للحديد,INV-32898,pending,ملاحظات التكلفة 5
194,PROJ-2743,equipment,indirect,تكلفة subcontractor - 6,37188.47,2023-10-07,شركة الشارقة للكهرباء,INV-16014,pending,ملاحظات التكلفة 6
195,PROJ-2743,other,direct,تكلفة equipment - 7,18518.84,2024-09-22,شركة دبي للخرسانة الجاهزة,INV-91501,paid,ملاحظات التكلفة 7
196,PROJ-2743,equipment,indirect,تكلفة labor - 8,6577.77,2024-08-14,مؤسسة الخليج للمقاولات,INV-69839,paid,ملاحظات التكلفة 8
197,PROJ-9005,subcontractor,direct,تكلفة materials - 1,7493.07,2023-03-02,مؤسسة الفجيرة للدهانات,INV-30892,pending,ملاحظات التكلفة 1
198,PROJ-9005,overhead,indirect,تكلفة overhead - 2,34241.26,2023-07-05,شركة رأس الخيمة للنجارة,INV-90127,paid,ملاحظات التكلفة 2
199,PROJ-9005,overhead,direct,تكلفة other - 3,44117.56,2023-05-14,مؤسسة عجمان للسباكة,INV-73318,paid,ملاحظات التكلفة 3
200,PROJ-9005,subcontractor,indirect,تكلفة materials - 4,4103.47,2023-11-18,مؤسسة الخليج للمقاولات,INV-11620,partial,ملاحظات التكلفة 4
201,PROJ-9005,other,indirect,تكلفة overhead - 5,26632.06,2023-04-08,مؤسسة أبوظبي للحديد,INV-66734,partial,ملاحظات التكلفة 5
202,PROJ-9005,subcontractor,indirect,تكلفة other - 6,34138.48,2024-01-30,مؤسسة أبوظبي للحديد,INV-29484,partial,ملاحظات التكلفة 6
203,PROJ-9005,materials,direct,تكلفة overhead - 7,42593.43,2024-05-22,شركة الإمارات للمواد البناء,INV-31679,pending,ملاحظات التكلفة 7
204,PROJ-9005,equipment,direct,تكلفة equipment - 8,48537.11,2023-02-21,مؤسسة الفجيرة للدهانات,INV-76444,pending,ملاحظات التكلفة 8
205,PROJ-9005,subcontractor,direct,تكلفة materials - 9,23495.64,2024-04-03,شركة رأس الخيمة للنجارة,INV-21536,paid,ملاحظات التكلفة 9
206,PROJ-9005,equipment,direct,تكلفة subcontractor - 10,37516.71,2023-01-19,مؤسسة الفجيرة للدهانات,INV-23453,paid,ملاحظات التكلفة 10
207,PROJ-9005,materials,direct,تكلفة materials - 11,39797.38,2023-11-08,شركة رأس الخيمة للنجارة,INV-76628,partial,ملاحظات التكلفة 11
208,PROJ-9005,other,indirect,تكلفة equipment - 12,18803.78,2023-02-25,مؤسسة أبوظبي للحديد,INV-39218,paid,ملاحظات التكلفة 12
209,PROJ-9005,overhead,indirect,تكلفة other - 13,33201.19,2024-04-08,مؤسسة عجمان للسباكة,INV-24945,pending,ملاحظات التكلفة 13
210,PROJ-9005,materials,indirect,تكلفة equipment - 14,41664.31,2023-10-26,مؤسسة أبوظبي للحديد,INV-81786,partial,ملاحظات التكلفة 14
211,PROJ-9005,other,direct,تكلفة materials - 15,44946.98,2024-05-19,مؤسسة عجمان للسباكة,INV-28408,partial,ملاحظات التكلفة 15
212,PROJ-9005,materials,indirect,تكلفة overhead - 16,10600.15,2023-05-04,شركة رأس الخيمة للنجارة,INV-61497,pending,ملاحظات التكلفة 16
213,PROJ-9005,labor,indirect,تكلفة materials - 17,38100.32,2023-02-17,مؤسسة الفجيرة للدهانات,INV-93000,partial,ملاحظات التكلفة 17
