contract_id,project_id,contract_number,contract_date,contract_value,advance_payment,retention_percentage,performance_bond,contract_duration,penalty_clause,payment_terms,contract_status
CON-2192,PROJ-5506,CON-PROJ-5506,2023-04-18,37163053.36,6706632.720733678,7.937918444138215,3105810.247321724,402,غرامة 0.1% من قيمة العقد لكل يوم تأخير,دفعات شهرية حسب نسبة الإنجاز,completed
CON-6455,PROJ-1488,CON-PROJ-1488,2024-02-27,1813530.5,354911.50248178176,5.076668531142464,175654.9156970027,300,غرامة 0.1% من قيمة العقد لكل يوم تأخير,دفعات شهرية حسب نسبة الإنجاز,completed
CON-4350,PROJ-2519,CON-PROJ-2519,2023-11-28,13593782.93,2603381.337521422,7.760396462739072,1206797.5150988256,569,غرامة 0.1% من قيمة العقد لكل يوم تأخير,دفعات شهرية حسب نسبة الإنجاز,completed
CON-6886,PROJ-3045,CON-PROJ-3045,2024-04-05,44329861.52,5592485.2240938535,7.564082700118868,3318704.7530103526,280,غرامة 0.1% من قيمة العقد لكل يوم تأخير,دفعات شهرية حسب نسبة الإنجاز,completed
CON-6246,PROJ-1750,CON-PROJ-1750,2023-06-16,5499570.76,661668.4771463028,6.5646100943509555,287549.3050498565,406,غرامة 0.1% من قيمة العقد لكل يوم تأخير,دفعات شهرية حسب نسبة الإنجاز,signed
CON-7841,PROJ-7065,CON-PROJ-7065,2023-12-30,30651984.78,3532369.70052627,6.6493264298893,2114741.3887102245,431,غرامة 0.1% من قيمة العقد لكل يوم تأخير,دفعات شهرية حسب نسبة الإنجاز,completed
CON-6530,PROJ-8573,CON-PROJ-8573,2023-08-30,38531522.09,6794496.890049803,7.443105502669075,3320565.554248739,682,غرامة 0.1% من قيمة العقد لكل يوم تأخير,دفعات شهرية حسب نسبة الإنجاز,completed
CON-6770,PROJ-7572,CON-PROJ-7572,2023-01-27,16076555.1,1832660.609644122,7.732731643628936,951770.4630718225,240,غرامة 0.1% من قيمة العقد لكل يوم تأخير,دفعات شهرية حسب نسبة الإنجاز,terminated
CON-2217,PROJ-5339,CON-PROJ-5339,2024-03-18,44942232.74,7497333.121166064,8.821694217860095,3173802.998998371,416,غرامة 0.1% من قيمة العقد لكل يوم تأخير,دفعات شهرية حسب نسبة الإنجاز,draft
CON-1149,PROJ-9348,CON-PROJ-9348,2023-08-06,31558579.06,4751879.138937823,6.866003463434059,2552829.0598735916,674,غرامة 0.1% من قيمة العقد لكل يوم تأخير,دفعات شهرية حسب نسبة الإنجاز,completed
CON-9719,PROJ-7252,CON-PROJ-7252,2023-02-17,47150327.64,6654507.307340003,5.08363073801315,4060097.554193803,728,غرامة 0.1% من قيمة العقد لكل يوم تأخير,دفعات شهرية حسب نسبة الإنجاز,active
CON-8054,PROJ-2827,CON-PROJ-2827,2023-09-05,47713888.41,9255119.775461072,5.896334205084161,4575878.426472335,716,غرامة 0.1% من قيمة العقد لكل يوم تأخير,دفعات شهرية حسب نسبة الإنجاز,signed
CON-9625,PROJ-2743,CON-PROJ-2743,2023-06-23,38244284.6,6942157.576845439,6.336623683383179,2671165.2169369045,562,غرامة 0.1% من قيمة العقد لكل يوم تأخير,دفعات شهرية حسب نسبة الإنجاز,completed
CON-4984,PROJ-9005,CON-PROJ-9005,2022-12-09,3367295.74,412782.3904620423,8.420208127351927,311115.7510378468,212,غرامة 0.1% من قيمة العقد لكل يوم تأخير,دفعات شهرية حسب نسبة الإنجاز,draft
