tender_id,project_id,tender_name,tender_type,submission_deadline,opening_date,estimated_value,tender_status,bid_amount,bid_submission_date,bid_result_date,notes
TEN-2133,PROJ-5506,مناقصة مشروع تجاري 1,invited,2023-02-23,2023-03-02,39138897.17625215,submitted,34775981.50990836,2023-02-14,2023-03-09,ملاحظات المناقصة PROJ-5506
TEN-7932,PROJ-1488,مناقصة مشروع سكني 2,public,2024-01-05,2024-01-12,1969100.040284197,submitted,1709585.036929649,2023-12-29,2024-01-19,ملاحظات المناقصة PROJ-1488
TEN-9479,PROJ-2519,مناقصة مشروع بنية تحتية 4,private,2023-10-14,2023-10-21,12563385.59145048,submitted,11667861.528252672,2023-10-13,2023-10-28,ملاحظات المناقصة PROJ-2519
TEN-4608,PROJ-3045,مناقصة مشروع بنية تحتية 5,public,2024-03-02,2024-03-09,40526298.10233158,draft,38999746.77642373,2024-03-01,2024-03-16,ملاحظات المناقصة PROJ-3045
TEN-5562,PROJ-7065,مناقصة مشروع صناعي 7,invited,2023-11-25,2023-12-02,30562569.86999044,cancelled,26581417.763533305,2023-11-15,2023-12-09,ملاحظات المناقصة PROJ-7065
TEN-8749,PROJ-8573,مناقصة مشروع بنية تحتية 8,private,2023-07-25,2023-08-01,36145726.64527794,draft,36052702.864580914,2023-07-19,2023-08-08,ملاحظات المناقصة PROJ-8573
TEN-1887,PROJ-7572,مناقصة مشروع صناعي 9,invited,2022-12-05,2022-12-12,16569962.222500483,draft,13791749.42429247,2022-11-29,2022-12-19,ملاحظات المناقصة PROJ-7572
TEN-4116,PROJ-9348,مناقصة مشروع بنية تحتية 11,invited,2023-07-02,2023-07-09,31234242.377335798,rejected,27577573.019914214,2023-06-24,2023-07-16,ملاحظات المناقصة PROJ-9348
TEN-2235,PROJ-7252,مناقصة مشروع بنية تحتية 12,private,2022-12-08,2022-12-15,50054997.59190161,cancelled,40677914.21375775,2022-11-29,2022-12-22,ملاحظات المناقصة PROJ-7252
